-- Auto-generated 2026 World Cup seed from db/teams.json

-- 1. Insert Tournament
INSERT INTO tournaments (id, title, slug, icon_url) VALUES
('fifa-world-cup', 'FIFA World Cup', 'world-cup', 'https://crests.football-data.org/wm26.png')
ON CONFLICT (id) DO NOTHING;

-- 2. Insert World Cup Editions
INSERT INTO editions (id, tournament_id, year, host_country) VALUES
('copa-2026', 'fifa-world-cup', 2026, 'Canadá, EUA e México'),
('copa-2022', 'fifa-world-cup', 2022, 'Catar'),
('copa-2018', 'fifa-world-cup', 2018, 'Rússia'),
('copa-2014', 'fifa-world-cup', 2014, 'Brasil'),
('copa-2010', 'fifa-world-cup', 2010, 'África do Sul'),
('copa-2006', 'fifa-world-cup', 2006, 'Alemanha'),
('copa-2002', 'fifa-world-cup', 2002, 'Coreia do Sul e Japão')
ON CONFLICT (id) DO NOTHING;

-- 3. Insert Teams
INSERT INTO teams (id, edition_id, name, flag_code, final_result) VALUES
('algeria-2026', 'copa-2026', 'Algeria', 'alg', 'Participante 2026'),
('argentina-2026', 'copa-2026', 'Argentina', 'arg', 'Participante 2026'),
('australia-2026', 'copa-2026', 'Australia', 'aus', 'Participante 2026'),
('austria-2026', 'copa-2026', 'Austria', 'aut', 'Participante 2026'),
('belgium-2026', 'copa-2026', 'Belgium', 'bel', 'Participante 2026'),
('bosnia-herzegovina-2026', 'copa-2026', 'Bosnia-Herzegovina', 'bih', 'Participante 2026'),
('brazil-2026', 'copa-2026', 'Brazil', 'bra', 'Participante 2026'),
('canada-2026', 'copa-2026', 'Canada', 'can', 'Participante 2026'),
('cape-verde-islands-2026', 'copa-2026', 'Cape Verde Islands', 'cpv', 'Participante 2026'),
('colombia-2026', 'copa-2026', 'Colombia', 'col', 'Participante 2026'),
('congo-dr-2026', 'copa-2026', 'Congo DR', 'cod', 'Participante 2026'),
('croatia-2026', 'copa-2026', 'Croatia', 'cro', 'Participante 2026'),
('curacao-2026', 'copa-2026', 'Curaçao', 'cuw', 'Participante 2026'),
('czechia-2026', 'copa-2026', 'Czechia', 'cze', 'Participante 2026'),
('ecuador-2026', 'copa-2026', 'Ecuador', 'ecu', 'Participante 2026'),
('egypt-2026', 'copa-2026', 'Egypt', 'egy', 'Participante 2026'),
('england-2026', 'copa-2026', 'England', 'eng', 'Participante 2026'),
('france-2026', 'copa-2026', 'France', 'fra', 'Participante 2026'),
('germany-2026', 'copa-2026', 'Germany', 'ger', 'Participante 2026'),
('ghana-2026', 'copa-2026', 'Ghana', 'gha', 'Participante 2026'),
('haiti-2026', 'copa-2026', 'Haiti', 'hai', 'Participante 2026'),
('iran-2026', 'copa-2026', 'Iran', 'irn', 'Participante 2026'),
('iraq-2026', 'copa-2026', 'Iraq', 'irq', 'Participante 2026'),
('ivory-coast-2026', 'copa-2026', 'Ivory Coast', 'civ', 'Participante 2026'),
('japan-2026', 'copa-2026', 'Japan', 'jpn', 'Participante 2026'),
('jordan-2026', 'copa-2026', 'Jordan', 'jor', 'Participante 2026'),
('mexico-2026', 'copa-2026', 'Mexico', 'mex', 'Participante 2026'),
('morocco-2026', 'copa-2026', 'Morocco', 'mar', 'Participante 2026'),
('netherlands-2026', 'copa-2026', 'Netherlands', 'ned', 'Participante 2026'),
('new-zealand-2026', 'copa-2026', 'New Zealand', 'nzl', 'Participante 2026'),
('norway-2026', 'copa-2026', 'Norway', 'nor', 'Participante 2026'),
('panama-2026', 'copa-2026', 'Panama', 'pan', 'Participante 2026'),
('paraguay-2026', 'copa-2026', 'Paraguay', 'par', 'Participante 2026'),
('portugal-2026', 'copa-2026', 'Portugal', 'por', 'Participante 2026'),
('qatar-2026', 'copa-2026', 'Qatar', 'qat', 'Participante 2026'),
('saudi-arabia-2026', 'copa-2026', 'Saudi Arabia', 'ksa', 'Participante 2026'),
('scotland-2026', 'copa-2026', 'Scotland', 'sco', 'Participante 2026'),
('senegal-2026', 'copa-2026', 'Senegal', 'sen', 'Participante 2026'),
('south-africa-2026', 'copa-2026', 'South Africa', 'rsa', 'Participante 2026'),
('south-korea-2026', 'copa-2026', 'South Korea', 'kor', 'Participante 2026'),
('spain-2026', 'copa-2026', 'Spain', 'esp', 'Participante 2026'),
('sweden-2026', 'copa-2026', 'Sweden', 'swe', 'Participante 2026'),
('switzerland-2026', 'copa-2026', 'Switzerland', 'sui', 'Participante 2026'),
('tunisia-2026', 'copa-2026', 'Tunisia', 'tun', 'Participante 2026'),
('turkey-2026', 'copa-2026', 'Turkey', 'tur', 'Participante 2026'),
('united-states-2026', 'copa-2026', 'United States', 'usa', 'Participante 2026'),
('uruguay-2026', 'copa-2026', 'Uruguay', 'uru', 'Participante 2026'),
('uzbekistan-2026', 'copa-2026', 'Uzbekistan', 'uzb', 'Participante 2026')
ON CONFLICT (id) DO NOTHING;

-- 4. Insert Players & Aliases
-- ==================== TEAM: ALGERIA ====================
INSERT INTO players (id, team_id, official_name, position, shirt_number, club_at_time, image_url, in_starting_eleven) VALUES
('p-778-3871', 'algeria-2026', 'Luca Zidane', 'Goleiro', 1, NULL, NULL, TRUE),
('p-778-130440', 'algeria-2026', 'Oussama Benbout', 'Goleiro', 2, NULL, NULL, FALSE),
('p-778-171469', 'algeria-2026', 'Melvin Mastil', 'Goleiro', 3, NULL, NULL, FALSE),
('p-778-19', 'algeria-2026', 'Aïssa Mandi', 'Zagueiro', 4, NULL, NULL, TRUE),
('p-778-8642', 'algeria-2026', 'Rayan Aït Nouri', 'Zagueiro', 5, NULL, NULL, TRUE),
('p-778-8805', 'algeria-2026', 'Ramy Bensebaini', 'Zagueiro', 6, NULL, NULL, TRUE),
('p-778-116150', 'algeria-2026', 'Samir Chergui', 'Zagueiro', 7, NULL, NULL, TRUE),
('p-778-147891', 'algeria-2026', 'Jaouen Hadjam', 'Zagueiro', 8, NULL, NULL, FALSE),
('p-778-160756', 'algeria-2026', 'Rafik Belghali', 'Zagueiro', 9, NULL, NULL, FALSE),
('p-778-245545', 'algeria-2026', 'Zinédine Belaïd', 'Zagueiro', 10, NULL, NULL, FALSE),
('p-778-245574', 'algeria-2026', 'Amine Tougai', 'Zagueiro', 11, NULL, NULL, FALSE),
('p-778-295347', 'algeria-2026', 'Achref Abada', 'Zagueiro', 12, NULL, NULL, FALSE),
('p-778-6503', 'algeria-2026', 'Nabil Bentaleb', 'Meia', 13, NULL, NULL, TRUE),
('p-778-8466', 'algeria-2026', 'Houssem Aouar', 'Meia', 14, NULL, NULL, TRUE),
('p-778-123508', 'algeria-2026', 'Hicham Boudaoui', 'Meia', 15, NULL, NULL, TRUE),
('p-778-124715', 'algeria-2026', 'Ramiz Zerrouki', 'Meia', 16, NULL, NULL, FALSE),
('p-778-178658', 'algeria-2026', 'Fares Chaïbi', 'Meia', 17, NULL, NULL, FALSE),
('p-778-202532', 'algeria-2026', 'Ibrahim Maza', 'Meia', 18, NULL, NULL, FALSE),
('p-778-261523', 'algeria-2026', 'Yacine Titraoui', 'Meia', 19, NULL, NULL, FALSE),
('p-778-293057', 'algeria-2026', 'Adil Boulbina', 'Meia', 20, NULL, NULL, FALSE),
('p-778-8069', 'algeria-2026', 'Riyad Mahrez', 'Atacante', 21, NULL, NULL, TRUE),
('p-778-8476', 'algeria-2026', 'Amine Gouiri', 'Atacante', 22, NULL, NULL, TRUE),
('p-778-180827', 'algeria-2026', 'Mohammed Amoura', 'Atacante', 23, NULL, NULL, TRUE),
('p-778-192676', 'algeria-2026', 'Nadhir Benbouali', 'Atacante', 24, NULL, NULL, FALSE),
('p-778-244466', 'algeria-2026', 'Anis Moussa', 'Atacante', 25, NULL, NULL, FALSE),
('p-778-245324', 'algeria-2026', 'Farés Ghedjemis', 'Atacante', 26, NULL, NULL, FALSE)
ON CONFLICT (id) DO NOTHING;

INSERT INTO player_aliases (player_id, alias) VALUES
('p-778-3871', 'luca zidane'),
('p-778-3871', 'zidane'),
('p-778-130440', 'oussama benbout'),
('p-778-130440', 'benbout'),
('p-778-171469', 'melvin mastil'),
('p-778-171469', 'mastil'),
('p-778-19', 'aissa mandi'),
('p-778-19', 'mandi'),
('p-778-8642', 'rayan ait nouri'),
('p-778-8642', 'nouri'),
('p-778-8805', 'ramy bensebaini'),
('p-778-8805', 'bensebaini'),
('p-778-116150', 'samir chergui'),
('p-778-116150', 'chergui'),
('p-778-147891', 'jaouen hadjam'),
('p-778-147891', 'hadjam'),
('p-778-160756', 'rafik belghali'),
('p-778-160756', 'belghali'),
('p-778-245545', 'zinedine belaid'),
('p-778-245545', 'belaid'),
('p-778-245574', 'amine tougai'),
('p-778-245574', 'tougai'),
('p-778-295347', 'achref abada'),
('p-778-295347', 'abada'),
('p-778-6503', 'nabil bentaleb'),
('p-778-6503', 'bentaleb'),
('p-778-8466', 'houssem aouar'),
('p-778-8466', 'aouar'),
('p-778-123508', 'hicham boudaoui'),
('p-778-123508', 'boudaoui'),
('p-778-124715', 'ramiz zerrouki'),
('p-778-124715', 'zerrouki'),
('p-778-178658', 'fares chaibi'),
('p-778-178658', 'chaibi'),
('p-778-202532', 'ibrahim maza'),
('p-778-202532', 'maza'),
('p-778-261523', 'yacine titraoui'),
('p-778-261523', 'titraoui'),
('p-778-293057', 'adil boulbina'),
('p-778-293057', 'boulbina'),
('p-778-8069', 'riyad mahrez'),
('p-778-8069', 'mahrez'),
('p-778-8476', 'amine gouiri'),
('p-778-8476', 'gouiri'),
('p-778-180827', 'mohammed amoura'),
('p-778-180827', 'amoura'),
('p-778-192676', 'nadhir benbouali'),
('p-778-192676', 'benbouali'),
('p-778-244466', 'anis moussa'),
('p-778-244466', 'moussa'),
('p-778-245324', 'fares ghedjemis'),
('p-778-245324', 'ghedjemis');

-- ==================== TEAM: ARGENTINA ====================
INSERT INTO players (id, team_id, official_name, position, shirt_number, club_at_time, image_url, in_starting_eleven) VALUES
('p-762-6', 'argentina-2026', 'Géronimo Rulli', 'Goleiro', 1, NULL, NULL, TRUE),
('p-762-3141', 'argentina-2026', 'Emiliano Martínez', 'Goleiro', 2, NULL, NULL, FALSE),
('p-762-46554', 'argentina-2026', 'Juan Musso', 'Goleiro', 3, NULL, NULL, FALSE),
('p-762-3205', 'argentina-2026', 'Nicolás Otamendi', 'Zagueiro', 4, NULL, NULL, TRUE),
('p-762-3208', 'argentina-2026', 'Nicolás Tagliafico', 'Zagueiro', 5, NULL, NULL, TRUE),
('p-762-11667', 'argentina-2026', 'Gonzalo Montiel', 'Zagueiro', 6, NULL, NULL, TRUE),
('p-762-45735', 'argentina-2026', 'Christian Romero', 'Zagueiro', 7, NULL, NULL, TRUE),
('p-762-46125', 'argentina-2026', 'Facundo Medina', 'Zagueiro', 8, NULL, NULL, FALSE),
('p-762-46451', 'argentina-2026', 'Lisandro Martínez', 'Zagueiro', 9, NULL, NULL, FALSE),
('p-762-46452', 'argentina-2026', 'Nahuel Molina', 'Zagueiro', 10, NULL, NULL, FALSE),
('p-762-82020', 'argentina-2026', 'Leonardo Balerdi', 'Zagueiro', 11, NULL, NULL, FALSE),
('p-762-170261', 'argentina-2026', 'Valentin Barco', 'Zagueiro', 12, NULL, NULL, FALSE),
('p-762-2127', 'argentina-2026', 'Rodrigo de Paul', 'Meia', 13, NULL, NULL, TRUE),
('p-762-3214', 'argentina-2026', 'Leandro Paredes', 'Meia', 14, NULL, NULL, TRUE),
('p-762-3216', 'argentina-2026', 'Giovani Lo Celso', 'Meia', 15, NULL, NULL, TRUE),
('p-762-11720', 'argentina-2026', 'Exequiel Palacios', 'Meia', 16, NULL, NULL, FALSE),
('p-762-45681', 'argentina-2026', 'Alexis Mac Allister', 'Meia', 17, NULL, NULL, FALSE),
('p-762-79953', 'argentina-2026', 'Thiago Almada', 'Meia', 18, NULL, NULL, FALSE),
('p-762-102603', 'argentina-2026', 'Enzo Fernández', 'Meia', 19, NULL, NULL, FALSE),
('p-762-203511', 'argentina-2026', 'Nico Paz', 'Meia', 20, NULL, NULL, FALSE),
('p-762-3218', 'argentina-2026', 'Lionel Messi', 'Atacante', 21, NULL, NULL, TRUE),
('p-762-3220', 'argentina-2026', 'Lautaro Martínez', 'Atacante', 22, NULL, NULL, TRUE),
('p-762-45680', 'argentina-2026', 'Nicolás González', 'Atacante', 23, NULL, NULL, TRUE),
('p-762-98571', 'argentina-2026', 'Julián Álvarez', 'Atacante', 24, NULL, NULL, FALSE),
('p-762-170698', 'argentina-2026', 'José Manuel López', 'Atacante', 25, NULL, NULL, FALSE),
('p-762-171964', 'argentina-2026', 'Giuliano Simeone', 'Atacante', 26, NULL, NULL, FALSE)
ON CONFLICT (id) DO NOTHING;

INSERT INTO player_aliases (player_id, alias) VALUES
('p-762-6', 'geronimo rulli'),
('p-762-6', 'rulli'),
('p-762-3141', 'emiliano martinez'),
('p-762-3141', 'martinez'),
('p-762-46554', 'juan musso'),
('p-762-46554', 'musso'),
('p-762-3205', 'nicolas otamendi'),
('p-762-3205', 'otamendi'),
('p-762-3208', 'nicolas tagliafico'),
('p-762-3208', 'tagliafico'),
('p-762-11667', 'gonzalo montiel'),
('p-762-11667', 'montiel'),
('p-762-45735', 'christian romero'),
('p-762-45735', 'romero'),
('p-762-46125', 'facundo medina'),
('p-762-46125', 'medina'),
('p-762-46451', 'lisandro martinez'),
('p-762-46451', 'martinez'),
('p-762-46452', 'nahuel molina'),
('p-762-46452', 'molina'),
('p-762-82020', 'leonardo balerdi'),
('p-762-82020', 'balerdi'),
('p-762-170261', 'valentin barco'),
('p-762-170261', 'barco'),
('p-762-2127', 'rodrigo de paul'),
('p-762-2127', 'paul'),
('p-762-3214', 'leandro paredes'),
('p-762-3214', 'paredes'),
('p-762-3216', 'giovani lo celso'),
('p-762-3216', 'celso'),
('p-762-11720', 'exequiel palacios'),
('p-762-11720', 'palacios'),
('p-762-45681', 'alexis mac allister'),
('p-762-45681', 'allister'),
('p-762-79953', 'thiago almada'),
('p-762-79953', 'almada'),
('p-762-102603', 'enzo fernandez'),
('p-762-102603', 'fernandez'),
('p-762-203511', 'nico paz'),
('p-762-203511', 'paz'),
('p-762-3218', 'lionel messi'),
('p-762-3218', 'messi'),
('p-762-3220', 'lautaro martinez'),
('p-762-3220', 'martinez'),
('p-762-45680', 'nicolas gonzalez'),
('p-762-45680', 'gonzalez'),
('p-762-98571', 'julian alvarez'),
('p-762-98571', 'alvarez'),
('p-762-170698', 'jose manuel lopez'),
('p-762-170698', 'lopez'),
('p-762-171964', 'giuliano simeone'),
('p-762-171964', 'simeone');

-- ==================== TEAM: AUSTRALIA ====================
INSERT INTO players (id, team_id, official_name, position, shirt_number, club_at_time, image_url, in_starting_eleven) VALUES
('p-779-3403', 'australia-2026', 'Maty Ryan', 'Goleiro', 1, NULL, NULL, TRUE),
('p-779-4697', 'australia-2026', 'Paul Izzo', 'Goleiro', 2, NULL, NULL, FALSE),
('p-779-177427', 'australia-2026', 'Patrick Beach', 'Goleiro', 3, NULL, NULL, FALSE),
('p-779-3407', 'australia-2026', 'Aziz Behich', 'Zagueiro', 4, NULL, NULL, TRUE),
('p-779-3410', 'australia-2026', 'Miloš Degenek', 'Zagueiro', 5, NULL, NULL, TRUE),
('p-779-4563', 'australia-2026', 'Kai Trewin', 'Zagueiro', 6, NULL, NULL, TRUE),
('p-779-4795', 'australia-2026', 'Jacob Italiano', 'Zagueiro', 7, NULL, NULL, TRUE),
('p-779-5432', 'australia-2026', 'Cameron Burgess', 'Zagueiro', 8, NULL, NULL, FALSE),
('p-779-11636', 'australia-2026', 'Harry Souttar', 'Zagueiro', 9, NULL, NULL, FALSE),
('p-779-56254', 'australia-2026', 'Jason Geria', 'Zagueiro', 10, NULL, NULL, FALSE),
('p-779-176299', 'australia-2026', 'Jordan Bos', 'Zagueiro', 11, NULL, NULL, FALSE),
('p-779-176730', 'australia-2026', 'Alessandro Circati', 'Zagueiro', 12, NULL, NULL, FALSE),
('p-779-270733', 'australia-2026', 'Lucas Herrington', 'Zagueiro', 13, NULL, NULL, FALSE),
('p-779-3420', 'australia-2026', 'Mathew Leckie', 'Meia', 14, NULL, NULL, TRUE),
('p-779-3421', 'australia-2026', 'Jackson Irvine', 'Meia', 15, NULL, NULL, TRUE),
('p-779-4635', 'australia-2026', 'Connor Metcalfe', 'Meia', 16, NULL, NULL, TRUE),
('p-779-7528', 'australia-2026', 'Ajdin Hrustic', 'Meia', 17, NULL, NULL, FALSE),
('p-779-8053', 'australia-2026', 'Aiden O''Neill', 'Meia', 18, NULL, NULL, FALSE),
('p-779-45143', 'australia-2026', 'Awer Mabil', 'Meia', 19, NULL, NULL, FALSE),
('p-779-76250', 'australia-2026', 'Cameron Devlin', 'Meia', 20, NULL, NULL, FALSE),
('p-779-263718', 'australia-2026', 'Paul Okon-Engstler', 'Meia', 21, NULL, NULL, FALSE),
('p-779-141451', 'australia-2026', 'Mohamed Toure', 'Atacante', 22, NULL, NULL, TRUE),
('p-779-167783', 'australia-2026', 'Nishan Velupillay', 'Atacante', 23, NULL, NULL, TRUE),
('p-779-175891', 'australia-2026', 'Cristian Volpato', 'Atacante', 24, NULL, NULL, TRUE),
('p-779-176991', 'australia-2026', 'Nestor Irankunda', 'Atacante', 25, NULL, NULL, FALSE),
('p-779-181753', 'australia-2026', 'Tete Yengi', 'Atacante', 26, NULL, NULL, FALSE)
ON CONFLICT (id) DO NOTHING;

INSERT INTO player_aliases (player_id, alias) VALUES
('p-779-3403', 'maty ryan'),
('p-779-3403', 'ryan'),
('p-779-4697', 'paul izzo'),
('p-779-4697', 'izzo'),
('p-779-177427', 'patrick beach'),
('p-779-177427', 'beach'),
('p-779-3407', 'aziz behich'),
('p-779-3407', 'behich'),
('p-779-3410', 'milos degenek'),
('p-779-3410', 'degenek'),
('p-779-4563', 'kai trewin'),
('p-779-4563', 'trewin'),
('p-779-4795', 'jacob italiano'),
('p-779-4795', 'italiano'),
('p-779-5432', 'cameron burgess'),
('p-779-5432', 'burgess'),
('p-779-11636', 'harry souttar'),
('p-779-11636', 'souttar'),
('p-779-56254', 'jason geria'),
('p-779-56254', 'geria'),
('p-779-176299', 'jordan bos'),
('p-779-176299', 'bos'),
('p-779-176730', 'alessandro circati'),
('p-779-176730', 'circati'),
('p-779-270733', 'lucas herrington'),
('p-779-270733', 'herrington'),
('p-779-3420', 'mathew leckie'),
('p-779-3420', 'leckie'),
('p-779-3421', 'jackson irvine'),
('p-779-3421', 'irvine'),
('p-779-4635', 'connor metcalfe'),
('p-779-4635', 'metcalfe'),
('p-779-7528', 'ajdin hrustic'),
('p-779-7528', 'hrustic'),
('p-779-8053', 'aiden o''neill'),
('p-779-8053', 'o''neill'),
('p-779-45143', 'awer mabil'),
('p-779-45143', 'mabil'),
('p-779-76250', 'cameron devlin'),
('p-779-76250', 'devlin'),
('p-779-263718', 'paul okon-engstler'),
('p-779-263718', 'okon-engstler'),
('p-779-141451', 'mohamed toure'),
('p-779-141451', 'toure'),
('p-779-167783', 'nishan velupillay'),
('p-779-167783', 'velupillay'),
('p-779-175891', 'cristian volpato'),
('p-779-175891', 'volpato'),
('p-779-176991', 'nestor irankunda'),
('p-779-176991', 'irankunda'),
('p-779-181753', 'tete yengi'),
('p-779-181753', 'yengi');

-- ==================== TEAM: AUSTRIA ====================
INSERT INTO players (id, team_id, official_name, position, shirt_number, club_at_time, image_url, in_starting_eleven) VALUES
('p-816-10702', 'austria-2026', 'Alexander Schlager', 'Goleiro', 1, NULL, NULL, TRUE),
('p-816-10837', 'austria-2026', 'Patrick Pentz', 'Goleiro', 2, NULL, NULL, FALSE),
('p-816-217244', 'austria-2026', 'Florian Wiegele', 'Goleiro', 3, NULL, NULL, FALSE),
('p-816-349', 'austria-2026', 'David Alaba', 'Zagueiro', 4, NULL, NULL, TRUE),
('p-816-395', 'austria-2026', 'Stefan Posch', 'Zagueiro', 5, NULL, NULL, TRUE),
('p-816-6576', 'austria-2026', 'Philipp Mwene', 'Zagueiro', 6, NULL, NULL, TRUE),
('p-816-6655', 'austria-2026', 'Kevin Danso', 'Zagueiro', 7, NULL, NULL, TRUE),
('p-816-9447', 'austria-2026', 'Marco Friedl', 'Zagueiro', 8, NULL, NULL, FALSE),
('p-816-9477', 'austria-2026', 'Philipp Lienhart', 'Zagueiro', 9, NULL, NULL, FALSE),
('p-816-9549', 'austria-2026', 'Konrad Laimer', 'Zagueiro', 10, NULL, NULL, FALSE),
('p-816-61968', 'austria-2026', 'Michael Svoboda', 'Zagueiro', 11, NULL, NULL, FALSE),
('p-816-123212', 'austria-2026', 'David Affengruber', 'Zagueiro', 12, NULL, NULL, FALSE),
('p-816-404', 'austria-2026', 'Florian Grillitsch', 'Meia', 13, NULL, NULL, TRUE),
('p-816-6501', 'austria-2026', 'Alessandro Schöpf', 'Meia', 14, NULL, NULL, TRUE),
('p-816-9551', 'austria-2026', 'Marcel Sabitzer', 'Meia', 15, NULL, NULL, TRUE),
('p-816-16344', 'austria-2026', 'Xaver Schlager', 'Meia', 16, NULL, NULL, FALSE),
('p-816-16346', 'austria-2026', 'Romano Schmid', 'Meia', 17, NULL, NULL, FALSE),
('p-816-56829', 'austria-2026', 'Christoph Baumgartner', 'Meia', 18, NULL, NULL, FALSE),
('p-816-113038', 'austria-2026', 'Nicolas  Seiwald', 'Meia', 19, NULL, NULL, FALSE),
('p-816-113457', 'austria-2026', 'Alexander Prass', 'Meia', 20, NULL, NULL, FALSE),
('p-816-167570', 'austria-2026', 'Carney Chukwuemeka', 'Meia', 21, NULL, NULL, FALSE),
('p-816-176932', 'austria-2026', 'Paul Wanner', 'Meia', 22, NULL, NULL, FALSE),
('p-816-6661', 'austria-2026', 'Michael Gregoritsch', 'Atacante', 23, NULL, NULL, TRUE),
('p-816-8223', 'austria-2026', 'Marko Arnautovic', 'Atacante', 24, NULL, NULL, TRUE),
('p-816-10761', 'austria-2026', 'Saša Kalajdžić', 'Atacante', 25, NULL, NULL, TRUE),
('p-816-124324', 'austria-2026', 'Patrick Wimmer', 'Atacante', 26, NULL, NULL, FALSE)
ON CONFLICT (id) DO NOTHING;

INSERT INTO player_aliases (player_id, alias) VALUES
('p-816-10702', 'alexander schlager'),
('p-816-10702', 'schlager'),
('p-816-10837', 'patrick pentz'),
('p-816-10837', 'pentz'),
('p-816-217244', 'florian wiegele'),
('p-816-217244', 'wiegele'),
('p-816-349', 'david alaba'),
('p-816-349', 'alaba'),
('p-816-395', 'stefan posch'),
('p-816-395', 'posch'),
('p-816-6576', 'philipp mwene'),
('p-816-6576', 'mwene'),
('p-816-6655', 'kevin danso'),
('p-816-6655', 'danso'),
('p-816-9447', 'marco friedl'),
('p-816-9447', 'friedl'),
('p-816-9477', 'philipp lienhart'),
('p-816-9477', 'lienhart'),
('p-816-9549', 'konrad laimer'),
('p-816-9549', 'laimer'),
('p-816-61968', 'michael svoboda'),
('p-816-61968', 'svoboda'),
('p-816-123212', 'david affengruber'),
('p-816-123212', 'affengruber'),
('p-816-404', 'florian grillitsch'),
('p-816-404', 'grillitsch'),
('p-816-6501', 'alessandro schopf'),
('p-816-6501', 'schopf'),
('p-816-9551', 'marcel sabitzer'),
('p-816-9551', 'sabitzer'),
('p-816-16344', 'xaver schlager'),
('p-816-16344', 'schlager'),
('p-816-16346', 'romano schmid'),
('p-816-16346', 'schmid'),
('p-816-56829', 'christoph baumgartner'),
('p-816-56829', 'baumgartner'),
('p-816-113038', 'nicolas  seiwald'),
('p-816-113038', 'seiwald'),
('p-816-113457', 'alexander prass'),
('p-816-113457', 'prass'),
('p-816-167570', 'carney chukwuemeka'),
('p-816-167570', 'chukwuemeka'),
('p-816-176932', 'paul wanner'),
('p-816-176932', 'wanner'),
('p-816-6661', 'michael gregoritsch'),
('p-816-6661', 'gregoritsch'),
('p-816-8223', 'marko arnautovic'),
('p-816-8223', 'arnautovic'),
('p-816-10761', 'sasa kalajdzic'),
('p-816-10761', 'kalajdzic'),
('p-816-124324', 'patrick wimmer'),
('p-816-124324', 'wimmer');

-- ==================== TEAM: BELGIUM ====================
INSERT INTO players (id, team_id, official_name, position, shirt_number, club_at_time, image_url, in_starting_eleven) VALUES
('p-805-3641', 'belgium-2026', 'Thibaut Courtois', 'Goleiro', 1, NULL, NULL, TRUE),
('p-805-129946', 'belgium-2026', 'Senne Lammens', 'Goleiro', 2, NULL, NULL, FALSE),
('p-805-191068', 'belgium-2026', 'Mike Penders', 'Goleiro', 3, NULL, NULL, FALSE),
('p-805-1836', 'belgium-2026', 'Timothy Castagne', 'Zagueiro', 4, NULL, NULL, TRUE),
('p-805-3650', 'belgium-2026', 'Thomas Meunier', 'Zagueiro', 5, NULL, NULL, TRUE),
('p-805-8873', 'belgium-2026', 'Brandon Mechele', 'Zagueiro', 6, NULL, NULL, TRUE),
('p-805-142075', 'belgium-2026', 'Maxim De Cuyper', 'Zagueiro', 7, NULL, NULL, TRUE),
('p-805-145893', 'belgium-2026', 'Arthur Theate', 'Zagueiro', 8, NULL, NULL, FALSE),
('p-805-153556', 'belgium-2026', 'Koni De Winter', 'Zagueiro', 9, NULL, NULL, FALSE),
('p-805-160926', 'belgium-2026', 'Zeno Debast', 'Zagueiro', 10, NULL, NULL, FALSE),
('p-805-192677', 'belgium-2026', 'Nathan Ngoy', 'Zagueiro', 11, NULL, NULL, FALSE),
('p-805-213534', 'belgium-2026', 'Joaquin Seys', 'Zagueiro', 12, NULL, NULL, FALSE),
('p-805-3654', 'belgium-2026', 'Kevin De Bruyne', 'Meia', 13, NULL, NULL, TRUE),
('p-805-3656', 'belgium-2026', 'Axel Witsel', 'Meia', 14, NULL, NULL, TRUE),
('p-805-3658', 'belgium-2026', 'Youri Tielemans', 'Meia', 15, NULL, NULL, TRUE),
('p-805-8858', 'belgium-2026', 'Alexis Saelemaekers', 'Meia', 16, NULL, NULL, FALSE),
('p-805-8888', 'belgium-2026', 'Hans Vanaken', 'Meia', 17, NULL, NULL, FALSE),
('p-805-8915', 'belgium-2026', 'Nicolas Raskin', 'Meia', 18, NULL, NULL, FALSE),
('p-805-114024', 'belgium-2026', 'Amadou Onana', 'Meia', 19, NULL, NULL, FALSE),
('p-805-182192', 'belgium-2026', 'Diego Moreira', 'Meia', 20, NULL, NULL, FALSE),
('p-805-3662', 'belgium-2026', 'Romelu Lukaku', 'Atacante', 21, NULL, NULL, TRUE),
('p-805-8128', 'belgium-2026', 'Dodi Lukebakio', 'Atacante', 22, NULL, NULL, TRUE),
('p-805-8984', 'belgium-2026', 'Leandro Trossard', 'Atacante', 23, NULL, NULL, TRUE),
('p-805-99775', 'belgium-2026', 'Jeremy Doku', 'Atacante', 24, NULL, NULL, FALSE),
('p-805-129947', 'belgium-2026', 'Charles De Ketelaere', 'Atacante', 25, NULL, NULL, FALSE),
('p-805-213511', 'belgium-2026', 'Matias Fernandez-Pardo', 'Atacante', 26, NULL, NULL, FALSE)
ON CONFLICT (id) DO NOTHING;

INSERT INTO player_aliases (player_id, alias) VALUES
('p-805-3641', 'thibaut courtois'),
('p-805-3641', 'courtois'),
('p-805-129946', 'senne lammens'),
('p-805-129946', 'lammens'),
('p-805-191068', 'mike penders'),
('p-805-191068', 'penders'),
('p-805-1836', 'timothy castagne'),
('p-805-1836', 'castagne'),
('p-805-3650', 'thomas meunier'),
('p-805-3650', 'meunier'),
('p-805-8873', 'brandon mechele'),
('p-805-8873', 'mechele'),
('p-805-142075', 'maxim de cuyper'),
('p-805-142075', 'cuyper'),
('p-805-145893', 'arthur theate'),
('p-805-145893', 'theate'),
('p-805-153556', 'koni de winter'),
('p-805-153556', 'winter'),
('p-805-160926', 'zeno debast'),
('p-805-160926', 'debast'),
('p-805-192677', 'nathan ngoy'),
('p-805-192677', 'ngoy'),
('p-805-213534', 'joaquin seys'),
('p-805-213534', 'seys'),
('p-805-3654', 'kevin de bruyne'),
('p-805-3654', 'bruyne'),
('p-805-3656', 'axel witsel'),
('p-805-3656', 'witsel'),
('p-805-3658', 'youri tielemans'),
('p-805-3658', 'tielemans'),
('p-805-8858', 'alexis saelemaekers'),
('p-805-8858', 'saelemaekers'),
('p-805-8888', 'hans vanaken'),
('p-805-8888', 'vanaken'),
('p-805-8915', 'nicolas raskin'),
('p-805-8915', 'raskin'),
('p-805-114024', 'amadou onana'),
('p-805-114024', 'onana'),
('p-805-182192', 'diego moreira'),
('p-805-182192', 'moreira'),
('p-805-3662', 'romelu lukaku'),
('p-805-3662', 'lukaku'),
('p-805-8128', 'dodi lukebakio'),
('p-805-8128', 'lukebakio'),
('p-805-8984', 'leandro trossard'),
('p-805-8984', 'trossard'),
('p-805-99775', 'jeremy doku'),
('p-805-99775', 'doku'),
('p-805-129947', 'charles de ketelaere'),
('p-805-129947', 'ketelaere'),
('p-805-213511', 'matias fernandez-pardo'),
('p-805-213511', 'fernandez-pardo');

-- ==================== TEAM: BOSNIA-HERZEGOVINA ====================
INSERT INTO players (id, team_id, official_name, position, shirt_number, club_at_time, image_url, in_starting_eleven) VALUES
('p-1060-17645', 'bosnia-herzegovina-2026', 'Martin Zlomislić', 'Goleiro', 1, NULL, NULL, TRUE),
('p-1060-65105', 'bosnia-herzegovina-2026', 'Nikola Vasilj', 'Goleiro', 2, NULL, NULL, FALSE),
('p-1060-276572', 'bosnia-herzegovina-2026', 'Mladen Jurkas', 'Goleiro', 3, NULL, NULL, FALSE),
('p-1060-7786', 'bosnia-herzegovina-2026', 'Sead Kolašinac', 'Zagueiro', 4, NULL, NULL, TRUE),
('p-1060-15357', 'bosnia-herzegovina-2026', 'Dennis Hadžikadunić', 'Zagueiro', 5, NULL, NULL, TRUE),
('p-1060-17869', 'bosnia-herzegovina-2026', 'Nihad Mujakić', 'Zagueiro', 6, NULL, NULL, TRUE),
('p-1060-23182', 'bosnia-herzegovina-2026', 'Nikola Katić', 'Zagueiro', 7, NULL, NULL, TRUE),
('p-1060-65758', 'bosnia-herzegovina-2026', 'Stjepan Radeljić', 'Zagueiro', 8, NULL, NULL, FALSE),
('p-1060-81816', 'bosnia-herzegovina-2026', 'Amar Dedić', 'Zagueiro', 9, NULL, NULL, FALSE),
('p-1060-189153', 'bosnia-herzegovina-2026', 'Tarik Muharemović', 'Zagueiro', 10, NULL, NULL, FALSE),
('p-1060-217097', 'bosnia-herzegovina-2026', 'Arjan Malic', 'Zagueiro', 11, NULL, NULL, FALSE),
('p-1060-9400', 'bosnia-herzegovina-2026', 'Dženis Burnić', 'Meia', 12, NULL, NULL, TRUE),
('p-1060-23206', 'bosnia-herzegovina-2026', 'Ivan Šunjić', 'Meia', 13, NULL, NULL, TRUE),
('p-1060-30102', 'bosnia-herzegovina-2026', 'Amir Hadžiahmetović', 'Meia', 14, NULL, NULL, TRUE),
('p-1060-119385', 'bosnia-herzegovina-2026', 'Armin Gigovic', 'Meia', 15, NULL, NULL, FALSE),
('p-1060-147030', 'bosnia-herzegovina-2026', 'Ivan Bašić', 'Meia', 16, NULL, NULL, FALSE),
('p-1060-189280', 'bosnia-herzegovina-2026', 'Benjamin Tahirovic', 'Meia', 17, NULL, NULL, FALSE),
('p-1060-221764', 'bosnia-herzegovina-2026', 'Ermin Mahmic', 'Meia', 18, NULL, NULL, FALSE),
('p-1060-275052', 'bosnia-herzegovina-2026', 'Amar Memić', 'Meia', 19, NULL, NULL, FALSE),
('p-1060-1822', 'bosnia-herzegovina-2026', 'Edin Džeko', 'Atacante', 20, NULL, NULL, TRUE),
('p-1060-17767', 'bosnia-herzegovina-2026', 'Jovo Lukić', 'Atacante', 21, NULL, NULL, TRUE),
('p-1060-33242', 'bosnia-herzegovina-2026', 'Ermedin Demirovic', 'Atacante', 22, NULL, NULL, TRUE),
('p-1060-63218', 'bosnia-herzegovina-2026', 'Haris Tabaković', 'Atacante', 23, NULL, NULL, FALSE),
('p-1060-172226', 'bosnia-herzegovina-2026', 'Samed Bazdar', 'Atacante', 24, NULL, NULL, FALSE),
('p-1060-186380', 'bosnia-herzegovina-2026', 'Esmir Bajraktarevic', 'Atacante', 25, NULL, NULL, FALSE),
('p-1060-272213', 'bosnia-herzegovina-2026', 'Kerim Alajbegović', 'Atacante', 26, NULL, NULL, FALSE)
ON CONFLICT (id) DO NOTHING;

INSERT INTO player_aliases (player_id, alias) VALUES
('p-1060-17645', 'martin zlomislic'),
('p-1060-17645', 'zlomislic'),
('p-1060-65105', 'nikola vasilj'),
('p-1060-65105', 'vasilj'),
('p-1060-276572', 'mladen jurkas'),
('p-1060-276572', 'jurkas'),
('p-1060-7786', 'sead kolasinac'),
('p-1060-7786', 'kolasinac'),
('p-1060-15357', 'dennis hadzikadunic'),
('p-1060-15357', 'hadzikadunic'),
('p-1060-17869', 'nihad mujakic'),
('p-1060-17869', 'mujakic'),
('p-1060-23182', 'nikola katic'),
('p-1060-23182', 'katic'),
('p-1060-65758', 'stjepan radeljic'),
('p-1060-65758', 'radeljic'),
('p-1060-81816', 'amar dedic'),
('p-1060-81816', 'dedic'),
('p-1060-189153', 'tarik muharemovic'),
('p-1060-189153', 'muharemovic'),
('p-1060-217097', 'arjan malic'),
('p-1060-217097', 'malic'),
('p-1060-9400', 'dzenis burnic'),
('p-1060-9400', 'burnic'),
('p-1060-23206', 'ivan sunjic'),
('p-1060-23206', 'sunjic'),
('p-1060-30102', 'amir hadziahmetovic'),
('p-1060-30102', 'hadziahmetovic'),
('p-1060-119385', 'armin gigovic'),
('p-1060-119385', 'gigovic'),
('p-1060-147030', 'ivan basic'),
('p-1060-147030', 'basic'),
('p-1060-189280', 'benjamin tahirovic'),
('p-1060-189280', 'tahirovic'),
('p-1060-221764', 'ermin mahmic'),
('p-1060-221764', 'mahmic'),
('p-1060-275052', 'amar memic'),
('p-1060-275052', 'memic'),
('p-1060-1822', 'edin dzeko'),
('p-1060-1822', 'dzeko'),
('p-1060-17767', 'jovo lukic'),
('p-1060-17767', 'lukic'),
('p-1060-33242', 'ermedin demirovic'),
('p-1060-33242', 'demirovic'),
('p-1060-63218', 'haris tabakovic'),
('p-1060-63218', 'tabakovic'),
('p-1060-172226', 'samed bazdar'),
('p-1060-172226', 'bazdar'),
('p-1060-186380', 'esmir bajraktarevic'),
('p-1060-186380', 'bajraktarevic'),
('p-1060-272213', 'kerim alajbegovic'),
('p-1060-272213', 'alajbegovic');

-- ==================== TEAM: BRAZIL ====================
INSERT INTO players (id, team_id, official_name, position, shirt_number, club_at_time, image_url, in_starting_eleven) VALUES
('p-764-1170', 'brazil-2026', 'Weverton', 'Goleiro', 1, NULL, NULL, TRUE),
('p-764-1795', 'brazil-2026', 'Alisson Becker', 'Goleiro', 2, NULL, NULL, FALSE),
('p-764-3222', 'brazil-2026', 'Ederson', 'Goleiro', 3, NULL, NULL, FALSE),
('p-764-1081', 'brazil-2026', 'Roger Ibañez', 'Zagueiro', 4, NULL, NULL, TRUE),
('p-764-1106', 'brazil-2026', 'Bremer', 'Zagueiro', 5, NULL, NULL, TRUE),
('p-764-2028', 'brazil-2026', 'Alex Sandro', 'Zagueiro', 6, NULL, NULL, TRUE),
('p-764-3225', 'brazil-2026', 'Marquinhos', 'Zagueiro', 7, NULL, NULL, TRUE),
('p-764-6517', 'brazil-2026', 'Douglas Santos', 'Zagueiro', 8, NULL, NULL, FALSE),
('p-764-7881', 'brazil-2026', 'Danilo Luiz da Silva', 'Zagueiro', 9, NULL, NULL, FALSE),
('p-764-11192', 'brazil-2026', 'Léo Pereira', 'Zagueiro', 10, NULL, NULL, FALSE),
('p-764-23128', 'brazil-2026', 'Gabriel Magalhães', 'Zagueiro', 11, NULL, NULL, FALSE),
('p-764-179164', 'brazil-2026', 'Wesley', 'Zagueiro', 12, NULL, NULL, FALSE),
('p-764-1543', 'brazil-2026', 'Lucas Paquetá', 'Meia', 13, NULL, NULL, TRUE),
('p-764-1684', 'brazil-2026', 'Bruno Guimarães', 'Meia', 14, NULL, NULL, TRUE),
('p-764-3231', 'brazil-2026', 'Casemiro', 'Meia', 15, NULL, NULL, TRUE),
('p-764-8749', 'brazil-2026', 'Fabinho', 'Meia', 16, NULL, NULL, FALSE),
('p-764-149704', 'brazil-2026', 'Danilo dos Santos de Oliveira', 'Meia', 17, NULL, NULL, FALSE),
('p-764-1556', 'brazil-2026', 'Vinicius Junior', 'Atacante', 18, NULL, NULL, TRUE),
('p-764-8491', 'brazil-2026', 'Neymar', 'Atacante', 19, NULL, NULL, TRUE),
('p-764-30842', 'brazil-2026', 'Matheus Cunha', 'Atacante', 20, NULL, NULL, TRUE),
('p-764-37428', 'brazil-2026', 'Raphinha', 'Atacante', 21, NULL, NULL, FALSE),
('p-764-61450', 'brazil-2026', 'Martinelli', 'Atacante', 22, NULL, NULL, FALSE),
('p-764-138230', 'brazil-2026', 'Thiago', 'Atacante', 23, NULL, NULL, FALSE),
('p-764-145539', 'brazil-2026', 'Luiz Henrique', 'Atacante', 24, NULL, NULL, FALSE),
('p-764-188487', 'brazil-2026', 'Endrick', 'Atacante', 25, NULL, NULL, FALSE),
('p-764-203356', 'brazil-2026', 'Rayan', 'Atacante', 26, NULL, NULL, FALSE)
ON CONFLICT (id) DO NOTHING;

INSERT INTO player_aliases (player_id, alias) VALUES
('p-764-1170', 'weverton'),
('p-764-1795', 'alisson becker'),
('p-764-1795', 'becker'),
('p-764-3222', 'ederson'),
('p-764-1081', 'roger ibanez'),
('p-764-1081', 'ibanez'),
('p-764-1106', 'bremer'),
('p-764-2028', 'alex sandro'),
('p-764-2028', 'sandro'),
('p-764-3225', 'marquinhos'),
('p-764-6517', 'douglas santos'),
('p-764-6517', 'santos'),
('p-764-7881', 'danilo luiz da silva'),
('p-764-7881', 'silva'),
('p-764-11192', 'leo pereira'),
('p-764-11192', 'pereira'),
('p-764-23128', 'gabriel magalhaes'),
('p-764-23128', 'magalhaes'),
('p-764-179164', 'wesley'),
('p-764-1543', 'lucas paqueta'),
('p-764-1543', 'paqueta'),
('p-764-1684', 'bruno guimaraes'),
('p-764-1684', 'guimaraes'),
('p-764-3231', 'casemiro'),
('p-764-8749', 'fabinho'),
('p-764-149704', 'danilo dos santos de oliveira'),
('p-764-149704', 'oliveira'),
('p-764-1556', 'vinicius junior'),
('p-764-1556', 'junior'),
('p-764-8491', 'neymar'),
('p-764-30842', 'matheus cunha'),
('p-764-30842', 'cunha'),
('p-764-37428', 'raphinha'),
('p-764-61450', 'martinelli'),
('p-764-138230', 'thiago'),
('p-764-145539', 'luiz henrique'),
('p-764-145539', 'henrique'),
('p-764-188487', 'endrick'),
('p-764-203356', 'rayan');

-- ==================== TEAM: CANADA ====================
INSERT INTO players (id, team_id, official_name, position, shirt_number, club_at_time, image_url, in_starting_eleven) VALUES
('p-828-21226', 'canada-2026', 'Maxime Crépeau', 'Goleiro', 1, NULL, NULL, TRUE),
('p-828-113351', 'canada-2026', 'Dayne St. Clair', 'Goleiro', 2, NULL, NULL, FALSE),
('p-828-189264', 'canada-2026', 'Owen Goodman', 'Goleiro', 3, NULL, NULL, FALSE),
('p-828-21288', 'canada-2026', 'Alphonso Davies', 'Zagueiro', 4, NULL, NULL, TRUE),
('p-828-77691', 'canada-2026', 'Richie Laryea', 'Zagueiro', 5, NULL, NULL, TRUE),
('p-828-81286', 'canada-2026', 'Alfie Jones', 'Zagueiro', 6, NULL, NULL, TRUE),
('p-828-112209', 'canada-2026', 'Joel Waterman', 'Zagueiro', 7, NULL, NULL, TRUE),
('p-828-113228', 'canada-2026', 'Derek Cornelius', 'Zagueiro', 8, NULL, NULL, FALSE),
('p-828-118604', 'canada-2026', 'Alistair Johnston', 'Zagueiro', 9, NULL, NULL, FALSE),
('p-828-192153', 'canada-2026', 'Moise Bombito', 'Zagueiro', 10, NULL, NULL, FALSE),
('p-828-217596', 'canada-2026', 'Luc De Fougerolles', 'Zagueiro', 11, NULL, NULL, FALSE),
('p-828-21199', 'canada-2026', 'Jonathan Osorio', 'Meia', 12, NULL, NULL, TRUE),
('p-828-37479', 'canada-2026', 'Stephen Eustáquio', 'Meia', 13, NULL, NULL, TRUE),
('p-828-72777', 'canada-2026', 'Mathieu Choinière', 'Meia', 14, NULL, NULL, TRUE),
('p-828-113175', 'canada-2026', 'Tajon Buchanan', 'Meia', 15, NULL, NULL, FALSE),
('p-828-171216', 'canada-2026', 'Nathan-Dylan Saliba', 'Meia', 16, NULL, NULL, FALSE),
('p-828-172183', 'canada-2026', 'Ismael Kone', 'Meia', 17, NULL, NULL, FALSE),
('p-828-181976', 'canada-2026', 'Ali Ahmed', 'Meia', 18, NULL, NULL, FALSE),
('p-828-216809', 'canada-2026', 'Niko Sigur', 'Meia', 19, NULL, NULL, FALSE),
('p-828-8924', 'canada-2026', 'Jonathan David', 'Atacante', 20, NULL, NULL, TRUE),
('p-828-15958', 'canada-2026', 'Cyle Larin', 'Atacante', 21, NULL, NULL, TRUE),
('p-828-110807', 'canada-2026', 'Liam Millar', 'Atacante', 22, NULL, NULL, TRUE),
('p-828-111842', 'canada-2026', 'Jacob Shaffelburg', 'Atacante', 23, NULL, NULL, FALSE),
('p-828-140546', 'canada-2026', 'Marcelo Flores', 'Atacante', 24, NULL, NULL, FALSE),
('p-828-177826', 'canada-2026', 'Tani Oluwaseyi', 'Atacante', 25, NULL, NULL, FALSE),
('p-828-260992', 'canada-2026', 'Promise Akinpelu', 'Atacante', 26, NULL, NULL, FALSE)
ON CONFLICT (id) DO NOTHING;

INSERT INTO player_aliases (player_id, alias) VALUES
('p-828-21226', 'maxime crepeau'),
('p-828-21226', 'crepeau'),
('p-828-113351', 'dayne st. clair'),
('p-828-113351', 'clair'),
('p-828-189264', 'owen goodman'),
('p-828-189264', 'goodman'),
('p-828-21288', 'alphonso davies'),
('p-828-21288', 'davies'),
('p-828-77691', 'richie laryea'),
('p-828-77691', 'laryea'),
('p-828-81286', 'alfie jones'),
('p-828-81286', 'jones'),
('p-828-112209', 'joel waterman'),
('p-828-112209', 'waterman'),
('p-828-113228', 'derek cornelius'),
('p-828-113228', 'cornelius'),
('p-828-118604', 'alistair johnston'),
('p-828-118604', 'johnston'),
('p-828-192153', 'moise bombito'),
('p-828-192153', 'bombito'),
('p-828-217596', 'luc de fougerolles'),
('p-828-217596', 'fougerolles'),
('p-828-21199', 'jonathan osorio'),
('p-828-21199', 'osorio'),
('p-828-37479', 'stephen eustaquio'),
('p-828-37479', 'eustaquio'),
('p-828-72777', 'mathieu choiniere'),
('p-828-72777', 'choiniere'),
('p-828-113175', 'tajon buchanan'),
('p-828-113175', 'buchanan'),
('p-828-171216', 'nathan-dylan saliba'),
('p-828-171216', 'saliba'),
('p-828-172183', 'ismael kone'),
('p-828-172183', 'kone'),
('p-828-181976', 'ali ahmed'),
('p-828-181976', 'ahmed'),
('p-828-216809', 'niko sigur'),
('p-828-216809', 'sigur'),
('p-828-8924', 'jonathan david'),
('p-828-8924', 'david'),
('p-828-15958', 'cyle larin'),
('p-828-15958', 'larin'),
('p-828-110807', 'liam millar'),
('p-828-110807', 'millar'),
('p-828-111842', 'jacob shaffelburg'),
('p-828-111842', 'shaffelburg'),
('p-828-140546', 'marcelo flores'),
('p-828-140546', 'flores'),
('p-828-177826', 'tani oluwaseyi'),
('p-828-177826', 'oluwaseyi'),
('p-828-260992', 'promise akinpelu'),
('p-828-260992', 'akinpelu');

-- ==================== TEAM: CAPE VERDE ISLANDS ====================
INSERT INTO players (id, team_id, official_name, position, shirt_number, club_at_time, image_url, in_starting_eleven) VALUES
('p-1930-53172', 'cape-verde-islands-2026', 'Márcio Rosa', 'Goleiro', 1, NULL, NULL, TRUE),
('p-1930-120725', 'cape-verde-islands-2026', 'Vózinha', 'Goleiro', 2, NULL, NULL, FALSE),
('p-1930-150997', 'cape-verde-islands-2026', 'C.J. dos Santos', 'Goleiro', 3, NULL, NULL, FALSE),
('p-1930-593', 'cape-verde-islands-2026', 'Steven Moreira', 'Zagueiro', 4, NULL, NULL, TRUE),
('p-1930-814', 'cape-verde-islands-2026', 'Logan Costa', 'Zagueiro', 5, NULL, NULL, TRUE),
('p-1930-36618', 'cape-verde-islands-2026', 'Roberto Lopes', 'Zagueiro', 6, NULL, NULL, TRUE),
('p-1930-45328', 'cape-verde-islands-2026', 'Diney Borges', 'Zagueiro', 7, NULL, NULL, TRUE),
('p-1930-63097', 'cape-verde-islands-2026', 'Stopira', 'Zagueiro', 8, NULL, NULL, FALSE),
('p-1930-209178', 'cape-verde-islands-2026', 'Sidny Lopes Cabral', 'Zagueiro', 9, NULL, NULL, FALSE),
('p-1930-213136', 'cape-verde-islands-2026', 'Wagner Pina', 'Zagueiro', 10, NULL, NULL, FALSE),
('p-1930-246869', 'cape-verde-islands-2026', 'Kelvin Pires', 'Zagueiro', 11, NULL, NULL, FALSE),
('p-1930-7759', 'cape-verde-islands-2026', 'Deroy Duarte', 'Meia', 12, NULL, NULL, TRUE),
('p-1930-30554', 'cape-verde-islands-2026', 'Garry Rodrigues', 'Meia', 13, NULL, NULL, TRUE),
('p-1930-40121', 'cape-verde-islands-2026', 'Kevin Pina', 'Meia', 14, NULL, NULL, TRUE),
('p-1930-67968', 'cape-verde-islands-2026', 'Laros Duarte', 'Meia', 15, NULL, NULL, FALSE),
('p-1930-103108', 'cape-verde-islands-2026', 'Yannick Semedo', 'Meia', 16, NULL, NULL, FALSE),
('p-1930-167455', 'cape-verde-islands-2026', 'Jamiro Monteiro', 'Meia', 17, NULL, NULL, FALSE),
('p-1930-212575', 'cape-verde-islands-2026', 'João Paulo', 'Meia', 18, NULL, NULL, FALSE),
('p-1930-9278', 'cape-verde-islands-2026', 'Willy Semedo', 'Atacante', 19, NULL, NULL, TRUE),
('p-1930-30502', 'cape-verde-islands-2026', 'Ryan Mendes', 'Atacante', 20, NULL, NULL, TRUE),
('p-1930-37116', 'cape-verde-islands-2026', 'Jovane Cabral', 'Atacante', 21, NULL, NULL, TRUE),
('p-1930-145346', 'cape-verde-islands-2026', 'Telmo Arcanjo', 'Atacante', 22, NULL, NULL, FALSE),
('p-1930-151942', 'cape-verde-islands-2026', 'Gilson Tavares', 'Atacante', 23, NULL, NULL, FALSE),
('p-1930-166784', 'cape-verde-islands-2026', 'Nuno Da Costa', 'Atacante', 24, NULL, NULL, FALSE),
('p-1930-175919', 'cape-verde-islands-2026', 'Dailon Rocha Livramento', 'Atacante', 25, NULL, NULL, FALSE),
('p-1930-213119', 'cape-verde-islands-2026', 'Hélio Varela', 'Atacante', 26, NULL, NULL, FALSE)
ON CONFLICT (id) DO NOTHING;

INSERT INTO player_aliases (player_id, alias) VALUES
('p-1930-53172', 'marcio rosa'),
('p-1930-53172', 'rosa'),
('p-1930-120725', 'vozinha'),
('p-1930-150997', 'c.j. dos santos'),
('p-1930-150997', 'santos'),
('p-1930-593', 'steven moreira'),
('p-1930-593', 'moreira'),
('p-1930-814', 'logan costa'),
('p-1930-814', 'costa'),
('p-1930-36618', 'roberto lopes'),
('p-1930-36618', 'lopes'),
('p-1930-45328', 'diney borges'),
('p-1930-45328', 'borges'),
('p-1930-63097', 'stopira'),
('p-1930-209178', 'sidny lopes cabral'),
('p-1930-209178', 'cabral'),
('p-1930-213136', 'wagner pina'),
('p-1930-213136', 'pina'),
('p-1930-246869', 'kelvin pires'),
('p-1930-246869', 'pires'),
('p-1930-7759', 'deroy duarte'),
('p-1930-7759', 'duarte'),
('p-1930-30554', 'garry rodrigues'),
('p-1930-30554', 'rodrigues'),
('p-1930-40121', 'kevin pina'),
('p-1930-40121', 'pina'),
('p-1930-67968', 'laros duarte'),
('p-1930-67968', 'duarte'),
('p-1930-103108', 'yannick semedo'),
('p-1930-103108', 'semedo'),
('p-1930-167455', 'jamiro monteiro'),
('p-1930-167455', 'monteiro'),
('p-1930-212575', 'joao paulo'),
('p-1930-212575', 'paulo'),
('p-1930-9278', 'willy semedo'),
('p-1930-9278', 'semedo'),
('p-1930-30502', 'ryan mendes'),
('p-1930-30502', 'mendes'),
('p-1930-37116', 'jovane cabral'),
('p-1930-37116', 'cabral'),
('p-1930-145346', 'telmo arcanjo'),
('p-1930-145346', 'arcanjo'),
('p-1930-151942', 'gilson tavares'),
('p-1930-151942', 'tavares'),
('p-1930-166784', 'nuno da costa'),
('p-1930-166784', 'costa'),
('p-1930-175919', 'dailon rocha livramento'),
('p-1930-175919', 'livramento'),
('p-1930-213119', 'helio varela'),
('p-1930-213119', 'varela');

-- ==================== TEAM: COLOMBIA ====================
INSERT INTO players (id, team_id, official_name, position, shirt_number, club_at_time, image_url, in_starting_eleven) VALUES
('p-818-3721', 'colombia-2026', 'Camilo Vargas', 'Goleiro', 1, NULL, NULL, TRUE),
('p-818-3722', 'colombia-2026', 'David Ospina', 'Goleiro', 2, NULL, NULL, FALSE),
('p-818-22742', 'colombia-2026', 'Álvaro Montero', 'Goleiro', 3, NULL, NULL, FALSE),
('p-818-3723', 'colombia-2026', 'Santiago Arias', 'Zagueiro', 4, NULL, NULL, TRUE),
('p-818-3724', 'colombia-2026', 'Johan Mojica', 'Zagueiro', 5, NULL, NULL, TRUE),
('p-818-3728', 'colombia-2026', 'Yerry Mina', 'Zagueiro', 6, NULL, NULL, TRUE),
('p-818-3733', 'colombia-2026', 'Davinson Sánchez', 'Zagueiro', 7, NULL, NULL, TRUE),
('p-818-8913', 'colombia-2026', 'Deiver Machado', 'Zagueiro', 8, NULL, NULL, FALSE),
('p-818-22010', 'colombia-2026', 'Daniel Muñoz', 'Zagueiro', 9, NULL, NULL, FALSE),
('p-818-22113', 'colombia-2026', 'Jhon Lucumí', 'Zagueiro', 10, NULL, NULL, FALSE),
('p-818-82825', 'colombia-2026', 'Willer Ditta', 'Zagueiro', 11, NULL, NULL, FALSE),
('p-818-365', 'colombia-2026', 'James Rodríguez', 'Meia', 12, NULL, NULL, TRUE),
('p-818-3730', 'colombia-2026', 'Juan Fernando Quintero', 'Meia', 13, NULL, NULL, TRUE),
('p-818-3737', 'colombia-2026', 'Jefferson Lerma', 'Meia', 14, NULL, NULL, TRUE),
('p-818-22306', 'colombia-2026', 'Jhon Arias', 'Meia', 15, NULL, NULL, FALSE),
('p-818-29012', 'colombia-2026', 'Jorge Carrascal', 'Meia', 16, NULL, NULL, FALSE),
('p-818-156738', 'colombia-2026', 'Kevin Castaño', 'Meia', 17, NULL, NULL, FALSE),
('p-818-170657', 'colombia-2026', 'Richard Rios', 'Meia', 18, NULL, NULL, FALSE),
('p-818-178353', 'colombia-2026', 'Juan Portilla', 'Meia', 19, NULL, NULL, FALSE),
('p-818-191421', 'colombia-2026', 'Gustavo Puerta', 'Meia', 20, NULL, NULL, FALSE),
('p-818-212', 'colombia-2026', 'Jhon Córdoba', 'Atacante', 21, NULL, NULL, TRUE),
('p-818-22396', 'colombia-2026', 'Luis Díaz', 'Atacante', 22, NULL, NULL, TRUE),
('p-818-32386', 'colombia-2026', 'Luis Suárez', 'Atacante', 23, NULL, NULL, TRUE),
('p-818-32415', 'colombia-2026', 'Cucho Hernández', 'Atacante', 24, NULL, NULL, FALSE),
('p-818-170245', 'colombia-2026', 'Jaminton Campaz', 'Atacante', 25, NULL, NULL, FALSE),
('p-818-178432', 'colombia-2026', 'Carlos Gómez', 'Atacante', 26, NULL, NULL, FALSE)
ON CONFLICT (id) DO NOTHING;

INSERT INTO player_aliases (player_id, alias) VALUES
('p-818-3721', 'camilo vargas'),
('p-818-3721', 'vargas'),
('p-818-3722', 'david ospina'),
('p-818-3722', 'ospina'),
('p-818-22742', 'alvaro montero'),
('p-818-22742', 'montero'),
('p-818-3723', 'santiago arias'),
('p-818-3723', 'arias'),
('p-818-3724', 'johan mojica'),
('p-818-3724', 'mojica'),
('p-818-3728', 'yerry mina'),
('p-818-3728', 'mina'),
('p-818-3733', 'davinson sanchez'),
('p-818-3733', 'sanchez'),
('p-818-8913', 'deiver machado'),
('p-818-8913', 'machado'),
('p-818-22010', 'daniel munoz'),
('p-818-22010', 'munoz'),
('p-818-22113', 'jhon lucumi'),
('p-818-22113', 'lucumi'),
('p-818-82825', 'willer ditta'),
('p-818-82825', 'ditta'),
('p-818-365', 'james rodriguez'),
('p-818-365', 'rodriguez'),
('p-818-3730', 'juan fernando quintero'),
('p-818-3730', 'quintero'),
('p-818-3737', 'jefferson lerma'),
('p-818-3737', 'lerma'),
('p-818-22306', 'jhon arias'),
('p-818-22306', 'arias'),
('p-818-29012', 'jorge carrascal'),
('p-818-29012', 'carrascal'),
('p-818-156738', 'kevin castano'),
('p-818-156738', 'castano'),
('p-818-170657', 'richard rios'),
('p-818-170657', 'rios'),
('p-818-178353', 'juan portilla'),
('p-818-178353', 'portilla'),
('p-818-191421', 'gustavo puerta'),
('p-818-191421', 'puerta'),
('p-818-212', 'jhon cordoba'),
('p-818-212', 'cordoba'),
('p-818-22396', 'luis diaz'),
('p-818-22396', 'diaz'),
('p-818-32386', 'luis suarez'),
('p-818-32386', 'suarez'),
('p-818-32415', 'cucho hernandez'),
('p-818-32415', 'hernandez'),
('p-818-170245', 'jaminton campaz'),
('p-818-170245', 'campaz'),
('p-818-178432', 'carlos gomez'),
('p-818-178432', 'gomez');

-- ==================== TEAM: CONGO DR ====================
INSERT INTO players (id, team_id, official_name, position, shirt_number, club_at_time, image_url, in_starting_eleven) VALUES
('p-1934-98898', 'congo-dr-2026', 'Timothy Fayulu', 'Goleiro', 1, NULL, NULL, TRUE),
('p-1934-106838', 'congo-dr-2026', 'Lionel Mpasi', 'Goleiro', 2, NULL, NULL, FALSE),
('p-1934-170838', 'congo-dr-2026', 'Matthieu Epolo', 'Goleiro', 3, NULL, NULL, FALSE),
('p-1934-3894', 'congo-dr-2026', 'Axel Tuanzebe', 'Zagueiro', 4, NULL, NULL, TRUE),
('p-1934-7918', 'congo-dr-2026', 'Chancel Mbemba', 'Zagueiro', 5, NULL, NULL, TRUE),
('p-1934-8158', 'congo-dr-2026', 'Aaron Wan-Bissaka', 'Zagueiro', 6, NULL, NULL, TRUE),
('p-1934-8204', 'congo-dr-2026', 'Arthur Masuaku', 'Zagueiro', 7, NULL, NULL, TRUE),
('p-1934-8700', 'congo-dr-2026', 'Joris Kayembe', 'Zagueiro', 8, NULL, NULL, FALSE),
('p-1934-9160', 'congo-dr-2026', 'Dylan Batubinsika', 'Zagueiro', 9, NULL, NULL, FALSE),
('p-1934-82600', 'congo-dr-2026', 'Gédéon Kalulu', 'Zagueiro', 10, NULL, NULL, FALSE),
('p-1934-220602', 'congo-dr-2026', 'Steve Kapuadi', 'Zagueiro', 11, NULL, NULL, FALSE),
('p-1934-8596', 'congo-dr-2026', 'Gaël Kakuta', 'Meia', 12, NULL, NULL, TRUE),
('p-1934-8701', 'congo-dr-2026', 'Samuel Moutoussamy', 'Meia', 13, NULL, NULL, TRUE),
('p-1934-8854', 'congo-dr-2026', 'Edo Kayembe', 'Meia', 14, NULL, NULL, TRUE),
('p-1934-14596', 'congo-dr-2026', 'Aaron Tshibola', 'Meia', 15, NULL, NULL, FALSE),
('p-1934-30876', 'congo-dr-2026', 'Charles Pickel', 'Meia', 16, NULL, NULL, FALSE),
('p-1934-182273', 'congo-dr-2026', 'Noah Sadiki', 'Meia', 17, NULL, NULL, FALSE),
('p-1934-192666', 'congo-dr-2026', 'Ngal''ayel Mukau', 'Meia', 18, NULL, NULL, FALSE),
('p-1934-612', 'congo-dr-2026', 'Yoane Wissa', 'Atacante', 19, NULL, NULL, TRUE),
('p-1934-9309', 'congo-dr-2026', 'Theo Bongonda', 'Atacante', 20, NULL, NULL, TRUE),
('p-1934-21583', 'congo-dr-2026', 'Cédric Bakambu', 'Atacante', 21, NULL, NULL, TRUE),
('p-1934-74554', 'congo-dr-2026', 'Simon Banza', 'Atacante', 22, NULL, NULL, FALSE),
('p-1934-125668', 'congo-dr-2026', 'Nathanael Mbuku', 'Atacante', 23, NULL, NULL, FALSE),
('p-1934-166776', 'congo-dr-2026', 'Meschack Elia', 'Atacante', 24, NULL, NULL, FALSE),
('p-1934-243626', 'congo-dr-2026', 'Brian Cipenga', 'Atacante', 25, NULL, NULL, FALSE),
('p-1934-245577', 'congo-dr-2026', 'Fiston Mayele', 'Atacante', 26, NULL, NULL, FALSE)
ON CONFLICT (id) DO NOTHING;

INSERT INTO player_aliases (player_id, alias) VALUES
('p-1934-98898', 'timothy fayulu'),
('p-1934-98898', 'fayulu'),
('p-1934-106838', 'lionel mpasi'),
('p-1934-106838', 'mpasi'),
('p-1934-170838', 'matthieu epolo'),
('p-1934-170838', 'epolo'),
('p-1934-3894', 'axel tuanzebe'),
('p-1934-3894', 'tuanzebe'),
('p-1934-7918', 'chancel mbemba'),
('p-1934-7918', 'mbemba'),
('p-1934-8158', 'aaron wan-bissaka'),
('p-1934-8158', 'wan-bissaka'),
('p-1934-8204', 'arthur masuaku'),
('p-1934-8204', 'masuaku'),
('p-1934-8700', 'joris kayembe'),
('p-1934-8700', 'kayembe'),
('p-1934-9160', 'dylan batubinsika'),
('p-1934-9160', 'batubinsika'),
('p-1934-82600', 'gedeon kalulu'),
('p-1934-82600', 'kalulu'),
('p-1934-220602', 'steve kapuadi'),
('p-1934-220602', 'kapuadi'),
('p-1934-8596', 'gael kakuta'),
('p-1934-8596', 'kakuta'),
('p-1934-8701', 'samuel moutoussamy'),
('p-1934-8701', 'moutoussamy'),
('p-1934-8854', 'edo kayembe'),
('p-1934-8854', 'kayembe'),
('p-1934-14596', 'aaron tshibola'),
('p-1934-14596', 'tshibola'),
('p-1934-30876', 'charles pickel'),
('p-1934-30876', 'pickel'),
('p-1934-182273', 'noah sadiki'),
('p-1934-182273', 'sadiki'),
('p-1934-192666', 'ngal''ayel mukau'),
('p-1934-192666', 'mukau'),
('p-1934-612', 'yoane wissa'),
('p-1934-612', 'wissa'),
('p-1934-9309', 'theo bongonda'),
('p-1934-9309', 'bongonda'),
('p-1934-21583', 'cedric bakambu'),
('p-1934-21583', 'bakambu'),
('p-1934-74554', 'simon banza'),
('p-1934-74554', 'banza'),
('p-1934-125668', 'nathanael mbuku'),
('p-1934-125668', 'mbuku'),
('p-1934-166776', 'meschack elia'),
('p-1934-166776', 'elia'),
('p-1934-243626', 'brian cipenga'),
('p-1934-243626', 'cipenga'),
('p-1934-245577', 'fiston mayele'),
('p-1934-245577', 'mayele');

-- ==================== TEAM: CROATIA ====================
INSERT INTO players (id, team_id, official_name, position, shirt_number, club_at_time, image_url, in_starting_eleven) VALUES
('p-799-3548', 'croatia-2026', 'Dominik Livaković', 'Goleiro', 1, NULL, NULL, TRUE),
('p-799-16577', 'croatia-2026', 'Ivor Pandur', 'Goleiro', 2, NULL, NULL, FALSE),
('p-799-67883', 'croatia-2026', 'Dominik Kotarski', 'Goleiro', 3, NULL, NULL, FALSE),
('p-799-10206', 'croatia-2026', 'Duje Ćaleta-Car', 'Zagueiro', 4, NULL, NULL, TRUE),
('p-799-15110', 'croatia-2026', 'Marin Pongračić', 'Zagueiro', 5, NULL, NULL, TRUE),
('p-799-74268', 'croatia-2026', 'Martin Erlic', 'Zagueiro', 6, NULL, NULL, TRUE),
('p-799-122188', 'croatia-2026', 'Josip Stanišić', 'Zagueiro', 7, NULL, NULL, TRUE),
('p-799-122266', 'croatia-2026', 'Joško Gvardiol', 'Zagueiro', 8, NULL, NULL, FALSE),
('p-799-134835', 'croatia-2026', 'Josip Šutalo', 'Zagueiro', 9, NULL, NULL, FALSE),
('p-799-216835', 'croatia-2026', 'Luka Vušković', 'Zagueiro', 10, NULL, NULL, FALSE),
('p-799-43', 'croatia-2026', 'Luka Modrić', 'Meia', 11, NULL, NULL, TRUE),
('p-799-65', 'croatia-2026', 'Mateo Kovačić', 'Meia', 12, NULL, NULL, TRUE),
('p-799-3553', 'croatia-2026', 'Mario Pašalić', 'Meia', 13, NULL, NULL, TRUE),
('p-799-7843', 'croatia-2026', 'Nikola Vlašić', 'Meia', 14, NULL, NULL, FALSE),
('p-799-23135', 'croatia-2026', 'Nikola Moro', 'Meia', 15, NULL, NULL, FALSE),
('p-799-23222', 'croatia-2026', 'Kristijan Jakić', 'Meia', 16, NULL, NULL, FALSE),
('p-799-82516', 'croatia-2026', 'Luka Sučić', 'Meia', 17, NULL, NULL, FALSE),
('p-799-154013', 'croatia-2026', 'Petar Sucic', 'Meia', 18, NULL, NULL, FALSE),
('p-799-156912', 'croatia-2026', 'Martin Baturina', 'Meia', 19, NULL, NULL, FALSE),
('p-799-216138', 'croatia-2026', 'Toni Fruk', 'Meia', 20, NULL, NULL, FALSE),
('p-799-318', 'croatia-2026', 'Andrej Kramarić', 'Atacante', 21, NULL, NULL, TRUE),
('p-799-2004', 'croatia-2026', 'Ivan Perišić', 'Atacante', 22, NULL, NULL, TRUE),
('p-799-2237', 'croatia-2026', 'Ante Budimir', 'Atacante', 23, NULL, NULL, TRUE),
('p-799-56589', 'croatia-2026', 'Petar Musa', 'Atacante', 24, NULL, NULL, FALSE),
('p-799-150052', 'croatia-2026', 'Marco Pašalić', 'Atacante', 25, NULL, NULL, FALSE),
('p-799-156629', 'croatia-2026', 'Igor Matanovic', 'Atacante', 26, NULL, NULL, FALSE)
ON CONFLICT (id) DO NOTHING;

INSERT INTO player_aliases (player_id, alias) VALUES
('p-799-3548', 'dominik livakovic'),
('p-799-3548', 'livakovic'),
('p-799-16577', 'ivor pandur'),
('p-799-16577', 'pandur'),
('p-799-67883', 'dominik kotarski'),
('p-799-67883', 'kotarski'),
('p-799-10206', 'duje caleta-car'),
('p-799-10206', 'caleta-car'),
('p-799-15110', 'marin pongracic'),
('p-799-15110', 'pongracic'),
('p-799-74268', 'martin erlic'),
('p-799-74268', 'erlic'),
('p-799-122188', 'josip stanisic'),
('p-799-122188', 'stanisic'),
('p-799-122266', 'josko gvardiol'),
('p-799-122266', 'gvardiol'),
('p-799-134835', 'josip sutalo'),
('p-799-134835', 'sutalo'),
('p-799-216835', 'luka vuskovic'),
('p-799-216835', 'vuskovic'),
('p-799-43', 'luka modric'),
('p-799-43', 'modric'),
('p-799-65', 'mateo kovacic'),
('p-799-65', 'kovacic'),
('p-799-3553', 'mario pasalic'),
('p-799-3553', 'pasalic'),
('p-799-7843', 'nikola vlasic'),
('p-799-7843', 'vlasic'),
('p-799-23135', 'nikola moro'),
('p-799-23135', 'moro'),
('p-799-23222', 'kristijan jakic'),
('p-799-23222', 'jakic'),
('p-799-82516', 'luka sucic'),
('p-799-82516', 'sucic'),
('p-799-154013', 'petar sucic'),
('p-799-154013', 'sucic'),
('p-799-156912', 'martin baturina'),
('p-799-156912', 'baturina'),
('p-799-216138', 'toni fruk'),
('p-799-216138', 'fruk'),
('p-799-318', 'andrej kramaric'),
('p-799-318', 'kramaric'),
('p-799-2004', 'ivan perisic'),
('p-799-2004', 'perisic'),
('p-799-2237', 'ante budimir'),
('p-799-2237', 'budimir'),
('p-799-56589', 'petar musa'),
('p-799-56589', 'musa'),
('p-799-150052', 'marco pasalic'),
('p-799-150052', 'pasalic'),
('p-799-156629', 'igor matanovic'),
('p-799-156629', 'matanovic');

-- ==================== TEAM: CURAÇAO ====================
INSERT INTO players (id, team_id, official_name, position, shirt_number, club_at_time, image_url, in_starting_eleven) VALUES
('p-9460-7412', 'curacao-2026', 'Trevor Doornbusch', 'Goleiro', 1, NULL, NULL, TRUE),
('p-9460-7437', 'curacao-2026', 'Eloy Room', 'Goleiro', 2, NULL, NULL, FALSE),
('p-9460-171283', 'curacao-2026', 'Tyrick Bodak', 'Goleiro', 3, NULL, NULL, FALSE),
('p-9460-7229', 'curacao-2026', 'Roshon van Eijma', 'Zagueiro', 4, NULL, NULL, TRUE),
('p-9460-7438', 'curacao-2026', 'Joshua Brenet', 'Zagueiro', 5, NULL, NULL, TRUE),
('p-9460-7443', 'curacao-2026', 'Armando Obispo', 'Zagueiro', 6, NULL, NULL, TRUE),
('p-9460-7744', 'curacao-2026', 'Sheral Floranus', 'Zagueiro', 7, NULL, NULL, TRUE),
('p-9460-9428', 'curacao-2026', 'Riechedly Bazoer', 'Zagueiro', 8, NULL, NULL, FALSE),
('p-9460-55417', 'curacao-2026', 'Juriën Gaari', 'Zagueiro', 9, NULL, NULL, FALSE),
('p-9460-137697', 'curacao-2026', 'Shurandy Sambo', 'Zagueiro', 10, NULL, NULL, FALSE),
('p-9460-149120', 'curacao-2026', 'Ar''jany Martha', 'Zagueiro', 11, NULL, NULL, FALSE),
('p-9460-166156', 'curacao-2026', 'Livano Comenencia', 'Zagueiro', 12, NULL, NULL, FALSE),
('p-9460-177433', 'curacao-2026', 'Deveron Fonville', 'Zagueiro', 13, NULL, NULL, FALSE),
('p-9460-4280', 'curacao-2026', 'Leandro Bacuna', 'Meia', 14, NULL, NULL, TRUE),
('p-9460-7274', 'curacao-2026', 'Godfried Roemeratoe', 'Meia', 15, NULL, NULL, TRUE),
('p-9460-7518', 'curacao-2026', 'Juninho Bacuna', 'Meia', 16, NULL, NULL, TRUE),
('p-9460-53327', 'curacao-2026', 'Kevin Felida', 'Meia', 17, NULL, NULL, FALSE),
('p-9460-98483', 'curacao-2026', 'Tahith Chong', 'Meia', 18, NULL, NULL, FALSE),
('p-9460-191954', 'curacao-2026', 'Tyrese Noslin', 'Meia', 19, NULL, NULL, FALSE),
('p-9460-6597', 'curacao-2026', 'Gervane Kastaneer', 'Atacante', 20, NULL, NULL, TRUE),
('p-9460-7986', 'curacao-2026', 'Kenji Gorré', 'Atacante', 21, NULL, NULL, TRUE),
('p-9460-8288', 'curacao-2026', 'Jürgen Locadia', 'Atacante', 22, NULL, NULL, TRUE),
('p-9460-137025', 'curacao-2026', 'Sontje Hansen', 'Atacante', 23, NULL, NULL, FALSE),
('p-9460-149134', 'curacao-2026', 'Jearl Margaritha', 'Atacante', 24, NULL, NULL, FALSE),
('p-9460-156631', 'curacao-2026', 'Jeremy Antonisse', 'Atacante', 25, NULL, NULL, FALSE),
('p-9460-190770', 'curacao-2026', 'Brandley Kuwas', 'Atacante', 26, NULL, NULL, FALSE)
ON CONFLICT (id) DO NOTHING;

INSERT INTO player_aliases (player_id, alias) VALUES
('p-9460-7412', 'trevor doornbusch'),
('p-9460-7412', 'doornbusch'),
('p-9460-7437', 'eloy room'),
('p-9460-7437', 'room'),
('p-9460-171283', 'tyrick bodak'),
('p-9460-171283', 'bodak'),
('p-9460-7229', 'roshon van eijma'),
('p-9460-7229', 'eijma'),
('p-9460-7438', 'joshua brenet'),
('p-9460-7438', 'brenet'),
('p-9460-7443', 'armando obispo'),
('p-9460-7443', 'obispo'),
('p-9460-7744', 'sheral floranus'),
('p-9460-7744', 'floranus'),
('p-9460-9428', 'riechedly bazoer'),
('p-9460-9428', 'bazoer'),
('p-9460-55417', 'jurien gaari'),
('p-9460-55417', 'gaari'),
('p-9460-137697', 'shurandy sambo'),
('p-9460-137697', 'sambo'),
('p-9460-149120', 'ar''jany martha'),
('p-9460-149120', 'martha'),
('p-9460-166156', 'livano comenencia'),
('p-9460-166156', 'comenencia'),
('p-9460-177433', 'deveron fonville'),
('p-9460-177433', 'fonville'),
('p-9460-4280', 'leandro bacuna'),
('p-9460-4280', 'bacuna'),
('p-9460-7274', 'godfried roemeratoe'),
('p-9460-7274', 'roemeratoe'),
('p-9460-7518', 'juninho bacuna'),
('p-9460-7518', 'bacuna'),
('p-9460-53327', 'kevin felida'),
('p-9460-53327', 'felida'),
('p-9460-98483', 'tahith chong'),
('p-9460-98483', 'chong'),
('p-9460-191954', 'tyrese noslin'),
('p-9460-191954', 'noslin'),
('p-9460-6597', 'gervane kastaneer'),
('p-9460-6597', 'kastaneer'),
('p-9460-7986', 'kenji gorre'),
('p-9460-7986', 'gorre'),
('p-9460-8288', 'jurgen locadia'),
('p-9460-8288', 'locadia'),
('p-9460-137025', 'sontje hansen'),
('p-9460-137025', 'hansen'),
('p-9460-149134', 'jearl margaritha'),
('p-9460-149134', 'margaritha'),
('p-9460-156631', 'jeremy antonisse'),
('p-9460-156631', 'antonisse'),
('p-9460-190770', 'brandley kuwas'),
('p-9460-190770', 'kuwas');

-- ==================== TEAM: CZECHIA ====================
INSERT INTO players (id, team_id, official_name, position, shirt_number, club_at_time, image_url, in_starting_eleven) VALUES
('p-798-120246', 'czechia-2026', 'Jindřich Staněk', 'Goleiro', 1, NULL, NULL, TRUE),
('p-798-136350', 'czechia-2026', 'Matej Kovar', 'Goleiro', 2, NULL, NULL, FALSE),
('p-798-146753', 'czechia-2026', 'Lukáš Horníček', 'Goleiro', 3, NULL, NULL, FALSE),
('p-798-62536', 'czechia-2026', 'Jaroslav Zelený', 'Zagueiro', 4, NULL, NULL, TRUE),
('p-798-62631', 'czechia-2026', 'Vladimir Coufal', 'Zagueiro', 5, NULL, NULL, TRUE),
('p-798-62769', 'czechia-2026', 'Tomáš Holeš', 'Zagueiro', 6, NULL, NULL, TRUE),
('p-798-127813', 'czechia-2026', 'David Zima', 'Zagueiro', 7, NULL, NULL, TRUE),
('p-798-146716', 'czechia-2026', 'David Jurásek', 'Zagueiro', 8, NULL, NULL, FALSE),
('p-798-188239', 'czechia-2026', 'Robin Hranac', 'Zagueiro', 9, NULL, NULL, FALSE),
('p-798-254530', 'czechia-2026', 'Štěpán Chaloupek', 'Zagueiro', 10, NULL, NULL, FALSE),
('p-798-1878', 'czechia-2026', 'Ladislav Krejčí', 'Meia', 11, NULL, NULL, TRUE),
('p-798-6556', 'czechia-2026', 'Vladimír Darida', 'Meia', 12, NULL, NULL, TRUE),
('p-798-15742', 'czechia-2026', 'Tomáš Souček', 'Meia', 13, NULL, NULL, TRUE),
('p-798-62821', 'czechia-2026', 'David Douděra', 'Meia', 14, NULL, NULL, FALSE),
('p-798-67970', 'czechia-2026', 'Michal Sadílek', 'Meia', 15, NULL, NULL, FALSE),
('p-798-120279', 'czechia-2026', 'Lukáš Provod', 'Meia', 16, NULL, NULL, FALSE),
('p-798-121312', 'czechia-2026', 'Pavel Šulc', 'Meia', 17, NULL, NULL, FALSE),
('p-798-145322', 'czechia-2026', 'Lukáš Červ', 'Meia', 18, NULL, NULL, FALSE),
('p-798-154082', 'czechia-2026', 'Denis Višinský', 'Meia', 19, NULL, NULL, FALSE),
('p-798-269966', 'czechia-2026', 'Alexandr Sojka', 'Meia', 20, NULL, NULL, FALSE),
('p-798-293648', 'czechia-2026', 'Hugo Sochůrek', 'Meia', 21, NULL, NULL, FALSE),
('p-798-1826', 'czechia-2026', 'Patrik Schick', 'Atacante', 22, NULL, NULL, TRUE),
('p-798-16396', 'czechia-2026', 'Tomáš Chorý', 'Atacante', 23, NULL, NULL, TRUE),
('p-798-62726', 'czechia-2026', 'Jan Kuchta', 'Atacante', 24, NULL, NULL, TRUE),
('p-798-99042', 'czechia-2026', 'Adam Hložek', 'Atacante', 25, NULL, NULL, FALSE),
('p-798-99752', 'czechia-2026', 'Mojmír Chytil', 'Atacante', 26, NULL, NULL, FALSE)
ON CONFLICT (id) DO NOTHING;

INSERT INTO player_aliases (player_id, alias) VALUES
('p-798-120246', 'jindrich stanek'),
('p-798-120246', 'stanek'),
('p-798-136350', 'matej kovar'),
('p-798-136350', 'kovar'),
('p-798-146753', 'lukas hornicek'),
('p-798-146753', 'hornicek'),
('p-798-62536', 'jaroslav zeleny'),
('p-798-62536', 'zeleny'),
('p-798-62631', 'vladimir coufal'),
('p-798-62631', 'coufal'),
('p-798-62769', 'tomas holes'),
('p-798-62769', 'holes'),
('p-798-127813', 'david zima'),
('p-798-127813', 'zima'),
('p-798-146716', 'david jurasek'),
('p-798-146716', 'jurasek'),
('p-798-188239', 'robin hranac'),
('p-798-188239', 'hranac'),
('p-798-254530', 'stepan chaloupek'),
('p-798-254530', 'chaloupek'),
('p-798-1878', 'ladislav krejci'),
('p-798-1878', 'krejci'),
('p-798-6556', 'vladimir darida'),
('p-798-6556', 'darida'),
('p-798-15742', 'tomas soucek'),
('p-798-15742', 'soucek'),
('p-798-62821', 'david doudera'),
('p-798-62821', 'doudera'),
('p-798-67970', 'michal sadilek'),
('p-798-67970', 'sadilek'),
('p-798-120279', 'lukas provod'),
('p-798-120279', 'provod'),
('p-798-121312', 'pavel sulc'),
('p-798-121312', 'sulc'),
('p-798-145322', 'lukas cerv'),
('p-798-145322', 'cerv'),
('p-798-154082', 'denis visinsky'),
('p-798-154082', 'visinsky'),
('p-798-269966', 'alexandr sojka'),
('p-798-269966', 'sojka'),
('p-798-293648', 'hugo sochurek'),
('p-798-293648', 'sochurek'),
('p-798-1826', 'patrik schick'),
('p-798-1826', 'schick'),
('p-798-16396', 'tomas chory'),
('p-798-16396', 'chory'),
('p-798-62726', 'jan kuchta'),
('p-798-62726', 'kuchta'),
('p-798-99042', 'adam hlozek'),
('p-798-99042', 'hlozek'),
('p-798-99752', 'mojmir chytil'),
('p-798-99752', 'chytil');

-- ==================== TEAM: ECUADOR ====================
INSERT INTO players (id, team_id, official_name, position, shirt_number, club_at_time, image_url, in_starting_eleven) VALUES
('p-791-24545', 'ecuador-2026', 'Hernán Galíndez', 'Goleiro', 1, NULL, NULL, TRUE),
('p-791-24881', 'ecuador-2026', 'Gonzalo Valle', 'Goleiro', 2, NULL, NULL, FALSE),
('p-791-169139', 'ecuador-2026', 'Moisés Ramírez', 'Goleiro', 3, NULL, NULL, FALSE),
('p-791-24673', 'ecuador-2026', 'Ángelo Preciado', 'Zagueiro', 4, NULL, NULL, TRUE),
('p-791-24740', 'ecuador-2026', 'Félix Torres', 'Zagueiro', 5, NULL, NULL, TRUE),
('p-791-32642', 'ecuador-2026', 'Pervis Estupiñán', 'Zagueiro', 6, NULL, NULL, TRUE),
('p-791-114102', 'ecuador-2026', 'William Pacho', 'Zagueiro', 7, NULL, NULL, TRUE),
('p-791-114331', 'ecuador-2026', 'Jackson Porozo', 'Zagueiro', 8, NULL, NULL, FALSE),
('p-791-125674', 'ecuador-2026', 'Piero Hincapié', 'Zagueiro', 9, NULL, NULL, FALSE),
('p-791-178928', 'ecuador-2026', 'Joel Ordoñez', 'Zagueiro', 10, NULL, NULL, FALSE),
('p-791-192819', 'ecuador-2026', 'Yaimar Medina', 'Zagueiro', 11, NULL, NULL, FALSE),
('p-791-24670', 'ecuador-2026', 'Alan Franco', 'Meia', 12, NULL, NULL, TRUE),
('p-791-24988', 'ecuador-2026', 'Jordy Alcívar', 'Meia', 13, NULL, NULL, TRUE),
('p-791-56066', 'ecuador-2026', 'Gonzalo Plata', 'Meia', 14, NULL, NULL, TRUE),
('p-791-121103', 'ecuador-2026', 'Moisés Caicedo', 'Meia', 15, NULL, NULL, FALSE),
('p-791-166131', 'ecuador-2026', 'Pedro Vite', 'Meia', 16, NULL, NULL, FALSE),
('p-791-179174', 'ecuador-2026', 'Alan Minda', 'Meia', 17, NULL, NULL, FALSE),
('p-791-205684', 'ecuador-2026', 'Ray Paez', 'Meia', 18, NULL, NULL, FALSE),
('p-791-212692', 'ecuador-2026', 'Denil Castillo', 'Meia', 19, NULL, NULL, FALSE),
('p-791-24562', 'ecuador-2026', 'Jordy Caicedo', 'Atacante', 20, NULL, NULL, TRUE),
('p-791-40009', 'ecuador-2026', 'Enner Valencia', 'Atacante', 21, NULL, NULL, TRUE),
('p-791-98549', 'ecuador-2026', 'John Yeboah', 'Atacante', 22, NULL, NULL, TRUE),
('p-791-178940', 'ecuador-2026', 'Anthony Valencia', 'Atacante', 23, NULL, NULL, FALSE),
('p-791-187375', 'ecuador-2026', 'Nilson Angulo', 'Atacante', 24, NULL, NULL, FALSE),
('p-791-189975', 'ecuador-2026', 'Kevin Rodríguez', 'Atacante', 25, NULL, NULL, FALSE),
('p-791-215510', 'ecuador-2026', 'Jeremy', 'Atacante', 26, NULL, NULL, FALSE)
ON CONFLICT (id) DO NOTHING;

INSERT INTO player_aliases (player_id, alias) VALUES
('p-791-24545', 'hernan galindez'),
('p-791-24545', 'galindez'),
('p-791-24881', 'gonzalo valle'),
('p-791-24881', 'valle'),
('p-791-169139', 'moises ramirez'),
('p-791-169139', 'ramirez'),
('p-791-24673', 'angelo preciado'),
('p-791-24673', 'preciado'),
('p-791-24740', 'felix torres'),
('p-791-24740', 'torres'),
('p-791-32642', 'pervis estupinan'),
('p-791-32642', 'estupinan'),
('p-791-114102', 'william pacho'),
('p-791-114102', 'pacho'),
('p-791-114331', 'jackson porozo'),
('p-791-114331', 'porozo'),
('p-791-125674', 'piero hincapie'),
('p-791-125674', 'hincapie'),
('p-791-178928', 'joel ordonez'),
('p-791-178928', 'ordonez'),
('p-791-192819', 'yaimar medina'),
('p-791-192819', 'medina'),
('p-791-24670', 'alan franco'),
('p-791-24670', 'franco'),
('p-791-24988', 'jordy alcivar'),
('p-791-24988', 'alcivar'),
('p-791-56066', 'gonzalo plata'),
('p-791-56066', 'plata'),
('p-791-121103', 'moises caicedo'),
('p-791-121103', 'caicedo'),
('p-791-166131', 'pedro vite'),
('p-791-166131', 'vite'),
('p-791-179174', 'alan minda'),
('p-791-179174', 'minda'),
('p-791-205684', 'ray paez'),
('p-791-205684', 'paez'),
('p-791-212692', 'denil castillo'),
('p-791-212692', 'castillo'),
('p-791-24562', 'jordy caicedo'),
('p-791-24562', 'caicedo'),
('p-791-40009', 'enner valencia'),
('p-791-40009', 'valencia'),
('p-791-98549', 'john yeboah'),
('p-791-98549', 'yeboah'),
('p-791-178940', 'anthony valencia'),
('p-791-178940', 'valencia'),
('p-791-187375', 'nilson angulo'),
('p-791-187375', 'angulo'),
('p-791-189975', 'kevin rodriguez'),
('p-791-189975', 'rodriguez'),
('p-791-215510', 'jeremy');

-- ==================== TEAM: EGYPT ====================
INSERT INTO players (id, team_id, official_name, position, shirt_number, club_at_time, image_url, in_starting_eleven) VALUES
('p-825-3743', 'egypt-2026', 'Mohamed El Shenawy', 'Goleiro', 1, NULL, NULL, TRUE),
('p-825-132128', 'egypt-2026', 'Mohamed Alaa', 'Goleiro', 2, NULL, NULL, FALSE),
('p-825-251169', 'egypt-2026', 'Oufa Shobeir', 'Goleiro', 3, NULL, NULL, FALSE),
('p-825-295344', 'egypt-2026', 'El Mahdi Soliman', 'Goleiro', 4, NULL, NULL, FALSE),
('p-825-780', 'egypt-2026', 'Karim Hafez', 'Zagueiro', 5, NULL, NULL, TRUE),
('p-825-83057', 'egypt-2026', 'Mohamed Hany', 'Zagueiro', 6, NULL, NULL, TRUE),
('p-825-245519', 'egypt-2026', 'Yasser Ibrahim', 'Zagueiro', 7, NULL, NULL, TRUE),
('p-825-245553', 'egypt-2026', 'Ahmed El Fotouh', 'Zagueiro', 8, NULL, NULL, TRUE),
('p-825-245563', 'egypt-2026', 'Mohamed Abdelmonem', 'Zagueiro', 9, NULL, NULL, FALSE),
('p-825-245625', 'egypt-2026', 'Rami Rabia', 'Zagueiro', 10, NULL, NULL, FALSE),
('p-825-261033', 'egypt-2026', 'Hossam Abdelmaguid', 'Zagueiro', 11, NULL, NULL, FALSE),
('p-825-295343', 'egypt-2026', 'Tarek Alaa', 'Zagueiro', 12, NULL, NULL, FALSE),
('p-825-45207', 'egypt-2026', 'Zizo', 'Meia', 13, NULL, NULL, TRUE),
('p-825-114669', 'egypt-2026', 'Nabil Dunga', 'Meia', 14, NULL, NULL, TRUE),
('p-825-132389', 'egypt-2026', 'Hamdy Fathy', 'Meia', 15, NULL, NULL, TRUE),
('p-825-180952', 'egypt-2026', 'Trezeguet', 'Meia', 16, NULL, NULL, FALSE),
('p-825-191972', 'egypt-2026', 'Emam Ashour', 'Meia', 17, NULL, NULL, FALSE),
('p-825-245550', 'egypt-2026', 'Mohanad Lashin', 'Meia', 18, NULL, NULL, FALSE),
('p-825-245582', 'egypt-2026', 'Marwan Attia', 'Meia', 19, NULL, NULL, FALSE),
('p-825-261012', 'egypt-2026', 'Mahmoud Saber', 'Meia', 20, NULL, NULL, FALSE),
('p-825-295848', 'egypt-2026', 'Mostafa Ziko', 'Meia', 21, NULL, NULL, FALSE),
('p-825-3754', 'egypt-2026', 'Mohamed Salah', 'Atacante', 22, NULL, NULL, TRUE),
('p-825-66896', 'egypt-2026', 'Omar Marmoush', 'Atacante', 23, NULL, NULL, TRUE),
('p-825-98222', 'egypt-2026', 'Haissem Hassan', 'Atacante', 24, NULL, NULL, TRUE),
('p-825-253635', 'egypt-2026', 'Ibrahim Adel', 'Atacante', 25, NULL, NULL, FALSE),
('p-825-274542', 'egypt-2026', 'Hamza Abdelkarim', 'Atacante', 26, NULL, NULL, FALSE)
ON CONFLICT (id) DO NOTHING;

INSERT INTO player_aliases (player_id, alias) VALUES
('p-825-3743', 'mohamed el shenawy'),
('p-825-3743', 'shenawy'),
('p-825-132128', 'mohamed alaa'),
('p-825-132128', 'alaa'),
('p-825-251169', 'oufa shobeir'),
('p-825-251169', 'shobeir'),
('p-825-295344', 'el mahdi soliman'),
('p-825-295344', 'soliman'),
('p-825-780', 'karim hafez'),
('p-825-780', 'hafez'),
('p-825-83057', 'mohamed hany'),
('p-825-83057', 'hany'),
('p-825-245519', 'yasser ibrahim'),
('p-825-245519', 'ibrahim'),
('p-825-245553', 'ahmed el fotouh'),
('p-825-245553', 'fotouh'),
('p-825-245563', 'mohamed abdelmonem'),
('p-825-245563', 'abdelmonem'),
('p-825-245625', 'rami rabia'),
('p-825-245625', 'rabia'),
('p-825-261033', 'hossam abdelmaguid'),
('p-825-261033', 'abdelmaguid'),
('p-825-295343', 'tarek alaa'),
('p-825-295343', 'alaa'),
('p-825-45207', 'zizo'),
('p-825-114669', 'nabil dunga'),
('p-825-114669', 'dunga'),
('p-825-132389', 'hamdy fathy'),
('p-825-132389', 'fathy'),
('p-825-180952', 'trezeguet'),
('p-825-191972', 'emam ashour'),
('p-825-191972', 'ashour'),
('p-825-245550', 'mohanad lashin'),
('p-825-245550', 'lashin'),
('p-825-245582', 'marwan attia'),
('p-825-245582', 'attia'),
('p-825-261012', 'mahmoud saber'),
('p-825-261012', 'saber'),
('p-825-295848', 'mostafa ziko'),
('p-825-295848', 'ziko'),
('p-825-3754', 'mohamed salah'),
('p-825-3754', 'salah'),
('p-825-66896', 'omar marmoush'),
('p-825-66896', 'marmoush'),
('p-825-98222', 'haissem hassan'),
('p-825-98222', 'hassan'),
('p-825-253635', 'ibrahim adel'),
('p-825-253635', 'adel'),
('p-825-274542', 'hamza abdelkarim'),
('p-825-274542', 'abdelkarim');

-- ==================== TEAM: ENGLAND ====================
INSERT INTO players (id, team_id, official_name, position, shirt_number, club_at_time, image_url, in_starting_eleven) VALUES
('p-770-3309', 'england-2026', 'Jordan Pickford', 'Goleiro', 1, NULL, NULL, TRUE),
('p-770-5457', 'england-2026', 'Dean Henderson', 'Goleiro', 2, NULL, NULL, FALSE),
('p-770-153874', 'england-2026', 'James Trafford', 'Goleiro', 3, NULL, NULL, FALSE),
('p-770-3313', 'england-2026', 'John Stones', 'Zagueiro', 4, NULL, NULL, TRUE),
('p-770-4870', 'england-2026', 'Dan Burn', 'Zagueiro', 5, NULL, NULL, TRUE),
('p-770-6317', 'england-2026', 'Ezri Konsa', 'Zagueiro', 6, NULL, NULL, TRUE),
('p-770-7810', 'england-2026', 'Trevoh Chalobah', 'Zagueiro', 7, NULL, NULL, TRUE),
('p-770-56628', 'england-2026', 'Reece James', 'Zagueiro', 8, NULL, NULL, FALSE),
('p-770-80775', 'england-2026', 'Djed Spence', 'Zagueiro', 9, NULL, NULL, FALSE),
('p-770-118489', 'england-2026', 'Marc Guéhi', 'Zagueiro', 10, NULL, NULL, FALSE),
('p-770-176718', 'england-2026', 'Jarell Quansah', 'Zagueiro', 11, NULL, NULL, FALSE),
('p-770-206743', 'england-2026', 'Nico O''Reilly', 'Zagueiro', 12, NULL, NULL, FALSE),
('p-770-3320', 'england-2026', 'Jordan Henderson', 'Meia', 13, NULL, NULL, TRUE),
('p-770-4032', 'england-2026', 'Eberechi Eze', 'Meia', 14, NULL, NULL, TRUE),
('p-770-7848', 'england-2026', 'Anthony Gordon', 'Meia', 15, NULL, NULL, TRUE),
('p-770-8215', 'england-2026', 'Declan Rice', 'Meia', 16, NULL, NULL, FALSE),
('p-770-82140', 'england-2026', 'Morgan Rogers', 'Meia', 17, NULL, NULL, FALSE),
('p-770-107330', 'england-2026', 'Elliot Anderson', 'Meia', 18, NULL, NULL, FALSE),
('p-770-125010', 'england-2026', 'Jude Bellingham', 'Meia', 19, NULL, NULL, FALSE),
('p-770-190797', 'england-2026', 'Kobbie Mainoo', 'Meia', 20, NULL, NULL, FALSE),
('p-770-3331', 'england-2026', 'Marcus Rashford', 'Atacante', 21, NULL, NULL, TRUE),
('p-770-4444', 'england-2026', 'Ollie Watkins', 'Atacante', 22, NULL, NULL, TRUE),
('p-770-5453', 'england-2026', 'Ivan Toney', 'Atacante', 23, NULL, NULL, TRUE),
('p-770-8004', 'england-2026', 'Harry Kane', 'Atacante', 24, NULL, NULL, FALSE),
('p-770-99813', 'england-2026', 'Bukayo Saka', 'Atacante', 25, NULL, NULL, FALSE),
('p-770-167720', 'england-2026', 'Noni Madueke', 'Atacante', 26, NULL, NULL, FALSE)
ON CONFLICT (id) DO NOTHING;

INSERT INTO player_aliases (player_id, alias) VALUES
('p-770-3309', 'jordan pickford'),
('p-770-3309', 'pickford'),
('p-770-5457', 'dean henderson'),
('p-770-5457', 'henderson'),
('p-770-153874', 'james trafford'),
('p-770-153874', 'trafford'),
('p-770-3313', 'john stones'),
('p-770-3313', 'stones'),
('p-770-4870', 'dan burn'),
('p-770-4870', 'burn'),
('p-770-6317', 'ezri konsa'),
('p-770-6317', 'konsa'),
('p-770-7810', 'trevoh chalobah'),
('p-770-7810', 'chalobah'),
('p-770-56628', 'reece james'),
('p-770-56628', 'james'),
('p-770-80775', 'djed spence'),
('p-770-80775', 'spence'),
('p-770-118489', 'marc guehi'),
('p-770-118489', 'guehi'),
('p-770-176718', 'jarell quansah'),
('p-770-176718', 'quansah'),
('p-770-206743', 'nico o''reilly'),
('p-770-206743', 'o''reilly'),
('p-770-3320', 'jordan henderson'),
('p-770-3320', 'henderson'),
('p-770-4032', 'eberechi eze'),
('p-770-4032', 'eze'),
('p-770-7848', 'anthony gordon'),
('p-770-7848', 'gordon'),
('p-770-8215', 'declan rice'),
('p-770-8215', 'rice'),
('p-770-82140', 'morgan rogers'),
('p-770-82140', 'rogers'),
('p-770-107330', 'elliot anderson'),
('p-770-107330', 'anderson'),
('p-770-125010', 'jude bellingham'),
('p-770-125010', 'bellingham'),
('p-770-190797', 'kobbie mainoo'),
('p-770-190797', 'mainoo'),
('p-770-3331', 'marcus rashford'),
('p-770-3331', 'rashford'),
('p-770-4444', 'ollie watkins'),
('p-770-4444', 'watkins'),
('p-770-5453', 'ivan toney'),
('p-770-5453', 'toney'),
('p-770-8004', 'harry kane'),
('p-770-8004', 'kane'),
('p-770-99813', 'bukayo saka'),
('p-770-99813', 'saka'),
('p-770-167720', 'noni madueke'),
('p-770-167720', 'madueke');

-- ==================== TEAM: FRANCE ====================
INSERT INTO players (id, team_id, official_name, position, shirt_number, club_at_time, image_url, in_starting_eleven) VALUES
('p-773-8316', 'france-2026', 'Brice Samba', 'Goleiro', 1, NULL, NULL, TRUE),
('p-773-8390', 'france-2026', 'Mike Maignan', 'Goleiro', 2, NULL, NULL, FALSE),
('p-773-188389', 'france-2026', 'Robin Risser', 'Goleiro', 3, NULL, NULL, FALSE),
('p-773-71', 'france-2026', 'Theo Hernández', 'Zagueiro', 4, NULL, NULL, TRUE),
('p-773-3359', 'france-2026', 'Lucas Digne', 'Zagueiro', 5, NULL, NULL, TRUE),
('p-773-3365', 'france-2026', 'Lucas Hernández', 'Zagueiro', 6, NULL, NULL, TRUE),
('p-773-8499', 'france-2026', 'Jules Koundé', 'Zagueiro', 7, NULL, NULL, TRUE),
('p-773-9541', 'france-2026', 'Dayot Upamecano', 'Zagueiro', 8, NULL, NULL, FALSE),
('p-773-9542', 'france-2026', 'Ibrahima Konaté', 'Zagueiro', 9, NULL, NULL, FALSE),
('p-773-80171', 'france-2026', 'William Saliba', 'Zagueiro', 10, NULL, NULL, FALSE),
('p-773-82351', 'france-2026', 'Maxence Lacroix', 'Zagueiro', 11, NULL, NULL, FALSE),
('p-773-152498', 'france-2026', 'Malo Gusto', 'Zagueiro', 12, NULL, NULL, FALSE),
('p-773-3367', 'france-2026', 'N''Golo Kanté', 'Meia', 13, NULL, NULL, TRUE),
('p-773-3368', 'france-2026', 'Adrien Rabiot', 'Meia', 14, NULL, NULL, TRUE),
('p-773-8514', 'france-2026', 'Aurélien Tchouameni', 'Meia', 15, NULL, NULL, TRUE),
('p-773-102395', 'france-2026', 'Manu Koné', 'Meia', 16, NULL, NULL, FALSE),
('p-773-133242', 'france-2026', 'Rayan Cherki', 'Meia', 17, NULL, NULL, FALSE),
('p-773-175701', 'france-2026', 'Maghnes Akliouche', 'Meia', 18, NULL, NULL, FALSE),
('p-773-177522', 'france-2026', 'Desire Doue', 'Meia', 19, NULL, NULL, FALSE),
('p-773-186089', 'france-2026', 'Warren Zaïre-Emery', 'Meia', 20, NULL, NULL, FALSE),
('p-773-641', 'france-2026', 'Jean-Philippe Mateta', 'Atacante', 21, NULL, NULL, TRUE),
('p-773-3373', 'france-2026', 'Ousmane Dembélé', 'Atacante', 22, NULL, NULL, TRUE),
('p-773-3374', 'france-2026', 'Kylian Mbappé', 'Atacante', 23, NULL, NULL, TRUE),
('p-773-8685', 'france-2026', 'Marcus Thuram-Ulien', 'Atacante', 24, NULL, NULL, FALSE),
('p-773-113765', 'france-2026', 'Michael Olise', 'Atacante', 25, NULL, NULL, FALSE),
('p-773-172762', 'france-2026', 'Bradley Barcola', 'Atacante', 26, NULL, NULL, FALSE)
ON CONFLICT (id) DO NOTHING;

INSERT INTO player_aliases (player_id, alias) VALUES
('p-773-8316', 'brice samba'),
('p-773-8316', 'samba'),
('p-773-8390', 'mike maignan'),
('p-773-8390', 'maignan'),
('p-773-188389', 'robin risser'),
('p-773-188389', 'risser'),
('p-773-71', 'theo hernandez'),
('p-773-71', 'hernandez'),
('p-773-3359', 'lucas digne'),
('p-773-3359', 'digne'),
('p-773-3365', 'lucas hernandez'),
('p-773-3365', 'hernandez'),
('p-773-8499', 'jules kounde'),
('p-773-8499', 'kounde'),
('p-773-9541', 'dayot upamecano'),
('p-773-9541', 'upamecano'),
('p-773-9542', 'ibrahima konate'),
('p-773-9542', 'konate'),
('p-773-80171', 'william saliba'),
('p-773-80171', 'saliba'),
('p-773-82351', 'maxence lacroix'),
('p-773-82351', 'lacroix'),
('p-773-152498', 'malo gusto'),
('p-773-152498', 'gusto'),
('p-773-3367', 'n''golo kante'),
('p-773-3367', 'kante'),
('p-773-3368', 'adrien rabiot'),
('p-773-3368', 'rabiot'),
('p-773-8514', 'aurelien tchouameni'),
('p-773-8514', 'tchouameni'),
('p-773-102395', 'manu kone'),
('p-773-102395', 'kone'),
('p-773-133242', 'rayan cherki'),
('p-773-133242', 'cherki'),
('p-773-175701', 'maghnes akliouche'),
('p-773-175701', 'akliouche'),
('p-773-177522', 'desire doue'),
('p-773-177522', 'doue'),
('p-773-186089', 'warren zaire-emery'),
('p-773-186089', 'zaire-emery'),
('p-773-641', 'jean-philippe mateta'),
('p-773-641', 'mateta'),
('p-773-3373', 'ousmane dembele'),
('p-773-3373', 'dembele'),
('p-773-3374', 'kylian mbappe'),
('p-773-3374', 'mbappe'),
('p-773-8685', 'marcus thuram-ulien'),
('p-773-8685', 'thuram-ulien'),
('p-773-113765', 'michael olise'),
('p-773-113765', 'olise'),
('p-773-172762', 'bradley barcola'),
('p-773-172762', 'barcola');

-- ==================== TEAM: GERMANY ====================
INSERT INTO players (id, team_id, official_name, position, shirt_number, club_at_time, image_url, in_starting_eleven) VALUES
('p-759-316', 'germany-2026', 'Oliver Baumann', 'Goleiro', 1, NULL, NULL, TRUE),
('p-759-341', 'germany-2026', 'Manuel Neuer', 'Goleiro', 2, NULL, NULL, FALSE),
('p-759-6491', 'germany-2026', 'Alexander Nübel', 'Goleiro', 3, NULL, NULL, FALSE),
('p-759-149', 'germany-2026', 'Jonathan Tah', 'Zagueiro', 4, NULL, NULL, TRUE),
('p-759-379', 'germany-2026', 'Waldemar Anton', 'Zagueiro', 5, NULL, NULL, TRUE),
('p-759-3177', 'germany-2026', 'Antonio Rüdiger', 'Zagueiro', 6, NULL, NULL, TRUE),
('p-759-9905', 'germany-2026', 'David Raum', 'Zagueiro', 7, NULL, NULL, TRUE),
('p-759-75539', 'germany-2026', 'Nico Schlotterbeck', 'Zagueiro', 8, NULL, NULL, FALSE),
('p-759-142732', 'germany-2026', 'Malick Thiaw', 'Zagueiro', 9, NULL, NULL, FALSE),
('p-759-184533', 'germany-2026', 'Nathaniel Brown', 'Zagueiro', 10, NULL, NULL, FALSE),
('p-759-320', 'germany-2026', 'Nadiem Amiri', 'Meia', 11, NULL, NULL, TRUE),
('p-759-359', 'germany-2026', 'Joshua Kimmich', 'Meia', 12, NULL, NULL, TRUE),
('p-759-3181', 'germany-2026', 'Leon Goretzka', 'Meia', 13, NULL, NULL, TRUE),
('p-759-8273', 'germany-2026', 'Pascal Groß', 'Meia', 14, NULL, NULL, FALSE),
('p-759-19334', 'germany-2026', 'Florian Wirtz', 'Meia', 15, NULL, NULL, FALSE),
('p-759-101074', 'germany-2026', 'Felix Kalu Nmecha', 'Meia', 16, NULL, NULL, FALSE),
('p-759-128565', 'germany-2026', 'Angelo Stiller', 'Meia', 17, NULL, NULL, FALSE),
('p-759-144393', 'germany-2026', 'Jamal Musiala', 'Meia', 18, NULL, NULL, FALSE),
('p-759-202665', 'germany-2026', 'Aleksandar Pavlović', 'Meia', 19, NULL, NULL, FALSE),
('p-759-212636', 'germany-2026', 'Assan Ouédraogo', 'Meia', 20, NULL, NULL, FALSE),
('p-759-171', 'germany-2026', 'Kai Havertz', 'Atacante', 21, NULL, NULL, TRUE),
('p-759-3184', 'germany-2026', 'Leroy Sané', 'Atacante', 22, NULL, NULL, TRUE),
('p-759-6928', 'germany-2026', 'Deniz Undav', 'Atacante', 23, NULL, NULL, TRUE),
('p-759-123333', 'germany-2026', 'Jamie Leweling', 'Atacante', 24, NULL, NULL, FALSE),
('p-759-133547', 'germany-2026', 'Nick Woltemade', 'Atacante', 25, NULL, NULL, FALSE),
('p-759-133903', 'germany-2026', 'Maximilian Beier', 'Atacante', 26, NULL, NULL, FALSE)
ON CONFLICT (id) DO NOTHING;

INSERT INTO player_aliases (player_id, alias) VALUES
('p-759-316', 'oliver baumann'),
('p-759-316', 'baumann'),
('p-759-341', 'manuel neuer'),
('p-759-341', 'neuer'),
('p-759-6491', 'alexander nubel'),
('p-759-6491', 'nubel'),
('p-759-149', 'jonathan tah'),
('p-759-149', 'tah'),
('p-759-379', 'waldemar anton'),
('p-759-379', 'anton'),
('p-759-3177', 'antonio rudiger'),
('p-759-3177', 'rudiger'),
('p-759-9905', 'david raum'),
('p-759-9905', 'raum'),
('p-759-75539', 'nico schlotterbeck'),
('p-759-75539', 'schlotterbeck'),
('p-759-142732', 'malick thiaw'),
('p-759-142732', 'thiaw'),
('p-759-184533', 'nathaniel brown'),
('p-759-184533', 'brown'),
('p-759-320', 'nadiem amiri'),
('p-759-320', 'amiri'),
('p-759-359', 'joshua kimmich'),
('p-759-359', 'kimmich'),
('p-759-3181', 'leon goretzka'),
('p-759-3181', 'goretzka'),
('p-759-8273', 'pascal groß'),
('p-759-8273', 'groß'),
('p-759-19334', 'florian wirtz'),
('p-759-19334', 'wirtz'),
('p-759-101074', 'felix kalu nmecha'),
('p-759-101074', 'nmecha'),
('p-759-128565', 'angelo stiller'),
('p-759-128565', 'stiller'),
('p-759-144393', 'jamal musiala'),
('p-759-144393', 'musiala'),
('p-759-202665', 'aleksandar pavlovic'),
('p-759-202665', 'pavlovic'),
('p-759-212636', 'assan ouedraogo'),
('p-759-212636', 'ouedraogo'),
('p-759-171', 'kai havertz'),
('p-759-171', 'havertz'),
('p-759-3184', 'leroy sane'),
('p-759-3184', 'sane'),
('p-759-6928', 'deniz undav'),
('p-759-6928', 'undav'),
('p-759-123333', 'jamie leweling'),
('p-759-123333', 'leweling'),
('p-759-133547', 'nick woltemade'),
('p-759-133547', 'woltemade'),
('p-759-133903', 'maximilian beier'),
('p-759-133903', 'beier');

-- ==================== TEAM: GHANA ====================
INSERT INTO players (id, team_id, official_name, position, shirt_number, club_at_time, image_url, in_starting_eleven) VALUES
('p-763-495', 'ghana-2026', 'Lawrence Ati-Zigi', 'Goleiro', 1, NULL, NULL, TRUE),
('p-763-137390', 'ghana-2026', 'Joseph Anang', 'Goleiro', 2, NULL, NULL, FALSE),
('p-763-277336', 'ghana-2026', 'Benjamin Asare', 'Goleiro', 3, NULL, NULL, FALSE),
('p-763-6499', 'ghana-2026', 'Abdul Rahman Baba', 'Zagueiro', 4, NULL, NULL, TRUE),
('p-763-7442', 'ghana-2026', 'Derrick Luckassen', 'Zagueiro', 5, NULL, NULL, TRUE),
('p-763-16340', 'ghana-2026', 'Gideon Mensah', 'Zagueiro', 6, NULL, NULL, TRUE),
('p-763-25641', 'ghana-2026', 'Abdul Mumin', 'Zagueiro', 7, NULL, NULL, TRUE),
('p-763-128235', 'ghana-2026', 'Jerome Opoku', 'Zagueiro', 8, NULL, NULL, FALSE),
('p-763-147893', 'ghana-2026', 'Alidu Seidu', 'Zagueiro', 9, NULL, NULL, FALSE),
('p-763-153924', 'ghana-2026', 'Marvin Senaya', 'Zagueiro', 10, NULL, NULL, FALSE),
('p-763-191269', 'ghana-2026', 'Jonas Adjei Adjetey', 'Zagueiro', 11, NULL, NULL, FALSE),
('p-763-202896', 'ghana-2026', 'Kojo Peprah Oppong', 'Zagueiro', 12, NULL, NULL, FALSE),
('p-763-110', 'ghana-2026', 'Thomas Partey', 'Meia', 13, NULL, NULL, TRUE),
('p-763-8470', 'ghana-2026', 'Elisha Owusu', 'Meia', 14, NULL, NULL, TRUE),
('p-763-79960', 'ghana-2026', 'Kwasi Sibo', 'Meia', 15, NULL, NULL, TRUE),
('p-763-175747', 'ghana-2026', 'Augustine Boakye', 'Meia', 16, NULL, NULL, FALSE),
('p-763-262187', 'ghana-2026', 'Caleb Yirenkyi', 'Meia', 17, NULL, NULL, FALSE),
('p-763-4417', 'ghana-2026', 'Antoine Semenyo', 'Atacante', 18, NULL, NULL, TRUE),
('p-763-6389', 'ghana-2026', 'Brandon Thomas-Asante', 'Atacante', 19, NULL, NULL, TRUE),
('p-763-7984', 'ghana-2026', 'Jordan Ayew', 'Atacante', 20, NULL, NULL, TRUE),
('p-763-32629', 'ghana-2026', 'Iñaki Williams', 'Atacante', 21, NULL, NULL, FALSE),
('p-763-142140', 'ghana-2026', 'Kamal Deen Sulemana', 'Atacante', 22, NULL, NULL, FALSE),
('p-763-184726', 'ghana-2026', 'Ernest Nuamah', 'Atacante', 23, NULL, NULL, FALSE),
('p-763-187162', 'ghana-2026', 'Abdul Issahaku', 'Atacante', 24, NULL, NULL, FALSE),
('p-763-193596', 'ghana-2026', 'Christopher Bonsu Baah', 'Atacante', 25, NULL, NULL, FALSE),
('p-763-218805', 'ghana-2026', 'Prince Adu', 'Atacante', 26, NULL, NULL, FALSE)
ON CONFLICT (id) DO NOTHING;

INSERT INTO player_aliases (player_id, alias) VALUES
('p-763-495', 'lawrence ati-zigi'),
('p-763-495', 'ati-zigi'),
('p-763-137390', 'joseph anang'),
('p-763-137390', 'anang'),
('p-763-277336', 'benjamin asare'),
('p-763-277336', 'asare'),
('p-763-6499', 'abdul rahman baba'),
('p-763-6499', 'baba'),
('p-763-7442', 'derrick luckassen'),
('p-763-7442', 'luckassen'),
('p-763-16340', 'gideon mensah'),
('p-763-16340', 'mensah'),
('p-763-25641', 'abdul mumin'),
('p-763-25641', 'mumin'),
('p-763-128235', 'jerome opoku'),
('p-763-128235', 'opoku'),
('p-763-147893', 'alidu seidu'),
('p-763-147893', 'seidu'),
('p-763-153924', 'marvin senaya'),
('p-763-153924', 'senaya'),
('p-763-191269', 'jonas adjei adjetey'),
('p-763-191269', 'adjetey'),
('p-763-202896', 'kojo peprah oppong'),
('p-763-202896', 'oppong'),
('p-763-110', 'thomas partey'),
('p-763-110', 'partey'),
('p-763-8470', 'elisha owusu'),
('p-763-8470', 'owusu'),
('p-763-79960', 'kwasi sibo'),
('p-763-79960', 'sibo'),
('p-763-175747', 'augustine boakye'),
('p-763-175747', 'boakye'),
('p-763-262187', 'caleb yirenkyi'),
('p-763-262187', 'yirenkyi'),
('p-763-4417', 'antoine semenyo'),
('p-763-4417', 'semenyo'),
('p-763-6389', 'brandon thomas-asante'),
('p-763-6389', 'thomas-asante'),
('p-763-7984', 'jordan ayew'),
('p-763-7984', 'ayew'),
('p-763-32629', 'inaki williams'),
('p-763-32629', 'williams'),
('p-763-142140', 'kamal deen sulemana'),
('p-763-142140', 'sulemana'),
('p-763-184726', 'ernest nuamah'),
('p-763-184726', 'nuamah'),
('p-763-187162', 'abdul issahaku'),
('p-763-187162', 'issahaku'),
('p-763-193596', 'christopher bonsu baah'),
('p-763-193596', 'baah'),
('p-763-218805', 'prince adu'),
('p-763-218805', 'adu');

-- ==================== TEAM: HAITI ====================
INSERT INTO players (id, team_id, official_name, position, shirt_number, club_at_time, image_url, in_starting_eleven) VALUES
('p-836-154781', 'haiti-2026', 'Alexandre Pierre', 'Goleiro', 1, NULL, NULL, TRUE),
('p-836-170624', 'haiti-2026', 'Johny Placide', 'Goleiro', 2, NULL, NULL, FALSE),
('p-836-295199', 'haiti-2026', 'Josué Duverger', 'Goleiro', 3, NULL, NULL, FALSE),
('p-836-532', 'haiti-2026', 'Carlens Arcus', 'Zagueiro', 4, NULL, NULL, TRUE),
('p-836-776', 'haiti-2026', 'Jean-Kevin Duverne', 'Zagueiro', 5, NULL, NULL, TRUE),
('p-836-8845', 'haiti-2026', 'Hannes Delcroix', 'Zagueiro', 6, NULL, NULL, TRUE),
('p-836-158228', 'haiti-2026', 'Martin Expérience', 'Zagueiro', 7, NULL, NULL, TRUE),
('p-836-166220', 'haiti-2026', 'Ricardo Adé', 'Zagueiro', 8, NULL, NULL, FALSE),
('p-836-253605', 'haiti-2026', 'Duke LaCroix', 'Zagueiro', 9, NULL, NULL, FALSE),
('p-836-253661', 'haiti-2026', 'Garven-Michee Metusala', 'Zagueiro', 10, NULL, NULL, FALSE),
('p-836-256398', 'haiti-2026', 'Keeto Thermoncy', 'Zagueiro', 11, NULL, NULL, FALSE),
('p-836-291152', 'haiti-2026', 'Wilguens Paugain', 'Zagueiro', 12, NULL, NULL, FALSE),
('p-836-788', 'haiti-2026', 'Jean-Ricner Bellegarde', 'Meia', 13, NULL, NULL, TRUE),
('p-836-77609', 'haiti-2026', 'Derrick Etienne', 'Meia', 14, NULL, NULL, TRUE),
('p-836-177049', 'haiti-2026', 'Danley Jean Jacques', 'Meia', 15, NULL, NULL, TRUE),
('p-836-182788', 'haiti-2026', 'Dominique Simon', 'Meia', 16, NULL, NULL, FALSE),
('p-836-250006', 'haiti-2026', 'Carl Sainté', 'Meia', 17, NULL, NULL, FALSE),
('p-836-295197', 'haiti-2026', 'Woodensky Pierre', 'Meia', 18, NULL, NULL, FALSE),
('p-836-5380', 'haiti-2026', 'Duckens Nazon', 'Atacante', 19, NULL, NULL, TRUE),
('p-836-74870', 'haiti-2026', 'Frantzdy Pierrot', 'Atacante', 20, NULL, NULL, TRUE),
('p-836-82421', 'haiti-2026', 'Yassin Fortune', 'Atacante', 21, NULL, NULL, TRUE),
('p-836-83599', 'haiti-2026', 'Wilson Isidor', 'Atacante', 22, NULL, NULL, FALSE),
('p-836-106726', 'haiti-2026', 'Lenny Joseph', 'Atacante', 23, NULL, NULL, FALSE),
('p-836-125787', 'haiti-2026', 'Louicius Don Deedson', 'Atacante', 24, NULL, NULL, FALSE),
('p-836-152737', 'haiti-2026', 'Josué Casimir', 'Atacante', 25, NULL, NULL, FALSE),
('p-836-152801', 'haiti-2026', 'Ruben Providence', 'Atacante', 26, NULL, NULL, FALSE)
ON CONFLICT (id) DO NOTHING;

INSERT INTO player_aliases (player_id, alias) VALUES
('p-836-154781', 'alexandre pierre'),
('p-836-154781', 'pierre'),
('p-836-170624', 'johny placide'),
('p-836-170624', 'placide'),
('p-836-295199', 'josue duverger'),
('p-836-295199', 'duverger'),
('p-836-532', 'carlens arcus'),
('p-836-532', 'arcus'),
('p-836-776', 'jean-kevin duverne'),
('p-836-776', 'duverne'),
('p-836-8845', 'hannes delcroix'),
('p-836-8845', 'delcroix'),
('p-836-158228', 'martin experience'),
('p-836-158228', 'experience'),
('p-836-166220', 'ricardo ade'),
('p-836-166220', 'ade'),
('p-836-253605', 'duke lacroix'),
('p-836-253605', 'lacroix'),
('p-836-253661', 'garven-michee metusala'),
('p-836-253661', 'metusala'),
('p-836-256398', 'keeto thermoncy'),
('p-836-256398', 'thermoncy'),
('p-836-291152', 'wilguens paugain'),
('p-836-291152', 'paugain'),
('p-836-788', 'jean-ricner bellegarde'),
('p-836-788', 'bellegarde'),
('p-836-77609', 'derrick etienne'),
('p-836-77609', 'etienne'),
('p-836-177049', 'danley jean jacques'),
('p-836-177049', 'jacques'),
('p-836-182788', 'dominique simon'),
('p-836-182788', 'simon'),
('p-836-250006', 'carl sainte'),
('p-836-250006', 'sainte'),
('p-836-295197', 'woodensky pierre'),
('p-836-295197', 'pierre'),
('p-836-5380', 'duckens nazon'),
('p-836-5380', 'nazon'),
('p-836-74870', 'frantzdy pierrot'),
('p-836-74870', 'pierrot'),
('p-836-82421', 'yassin fortune'),
('p-836-82421', 'fortune'),
('p-836-83599', 'wilson isidor'),
('p-836-83599', 'isidor'),
('p-836-106726', 'lenny joseph'),
('p-836-106726', 'joseph'),
('p-836-125787', 'louicius don deedson'),
('p-836-125787', 'deedson'),
('p-836-152737', 'josue casimir'),
('p-836-152737', 'casimir'),
('p-836-152801', 'ruben providence'),
('p-836-152801', 'providence');

-- ==================== TEAM: IRAN ====================
INSERT INTO players (id, team_id, official_name, position, shirt_number, club_at_time, image_url, in_starting_eleven) VALUES
('p-840-3797', 'iran-2026', 'Hossein Hosseini', 'Goleiro', 1, NULL, NULL, TRUE),
('p-840-103099', 'iran-2026', 'Payam Niazmand', 'Goleiro', 2, NULL, NULL, FALSE),
('p-840-171319', 'iran-2026', 'Alireza Beiranvand', 'Goleiro', 3, NULL, NULL, FALSE),
('p-840-3800', 'iran-2026', 'Ehsan Hajsafi', 'Zagueiro', 4, NULL, NULL, TRUE),
('p-840-3804', 'iran-2026', 'Ramin Rezaeian', 'Zagueiro', 5, NULL, NULL, TRUE),
('p-840-3811', 'iran-2026', 'Milad Mohammadi', 'Zagueiro', 6, NULL, NULL, TRUE),
('p-840-231884', 'iran-2026', 'Hossein Kanaanizadegan', 'Zagueiro', 7, NULL, NULL, TRUE),
('p-840-231889', 'iran-2026', 'Shojae Khalilzadeh', 'Zagueiro', 8, NULL, NULL, FALSE),
('p-840-231900', 'iran-2026', 'Rouzbeh Cheshmi', 'Zagueiro', 9, NULL, NULL, FALSE),
('p-840-249673', 'iran-2026', 'Saleh Hardani', 'Zagueiro', 10, NULL, NULL, FALSE),
('p-840-295339', 'iran-2026', 'Ali Nemati', 'Zagueiro', 11, NULL, NULL, FALSE),
('p-840-295340', 'iran-2026', 'Danial Eiri', 'Zagueiro', 12, NULL, NULL, FALSE),
('p-840-3821', 'iran-2026', 'Saeid Ezatolahi', 'Meia', 13, NULL, NULL, TRUE),
('p-840-189724', 'iran-2026', 'Mehdi Torabi', 'Meia', 14, NULL, NULL, TRUE),
('p-840-189790', 'iran-2026', 'Mohammad Ghorbani', 'Meia', 15, NULL, NULL, TRUE),
('p-840-244158', 'iran-2026', 'Ariya Yousefi', 'Meia', 16, NULL, NULL, FALSE),
('p-840-249672', 'iran-2026', 'Medhi Ghayedi', 'Meia', 17, NULL, NULL, FALSE),
('p-840-295334', 'iran-2026', 'Amir Razzaghinia', 'Meia', 18, NULL, NULL, FALSE),
('p-840-3819', 'iran-2026', 'Alireza Jahanbakhsh', 'Atacante', 19, NULL, NULL, TRUE),
('p-840-3820', 'iran-2026', 'Mehdi Taremi', 'Atacante', 20, NULL, NULL, TRUE),
('p-840-33634', 'iran-2026', 'Dennis Eckert', 'Atacante', 21, NULL, NULL, TRUE),
('p-840-119530', 'iran-2026', 'Ali Alipour', 'Atacante', 22, NULL, NULL, FALSE),
('p-840-152180', 'iran-2026', 'Shahriar Moghanlou', 'Atacante', 23, NULL, NULL, FALSE),
('p-840-172641', 'iran-2026', 'Mohammad Mohebi', 'Atacante', 24, NULL, NULL, FALSE),
('p-840-179746', 'iran-2026', 'Saman Ghoddos', 'Atacante', 25, NULL, NULL, FALSE),
('p-840-254746', 'iran-2026', 'Amir Hosseinzadeh', 'Atacante', 26, NULL, NULL, FALSE)
ON CONFLICT (id) DO NOTHING;

INSERT INTO player_aliases (player_id, alias) VALUES
('p-840-3797', 'hossein hosseini'),
('p-840-3797', 'hosseini'),
('p-840-103099', 'payam niazmand'),
('p-840-103099', 'niazmand'),
('p-840-171319', 'alireza beiranvand'),
('p-840-171319', 'beiranvand'),
('p-840-3800', 'ehsan hajsafi'),
('p-840-3800', 'hajsafi'),
('p-840-3804', 'ramin rezaeian'),
('p-840-3804', 'rezaeian'),
('p-840-3811', 'milad mohammadi'),
('p-840-3811', 'mohammadi'),
('p-840-231884', 'hossein kanaanizadegan'),
('p-840-231884', 'kanaanizadegan'),
('p-840-231889', 'shojae khalilzadeh'),
('p-840-231889', 'khalilzadeh'),
('p-840-231900', 'rouzbeh cheshmi'),
('p-840-231900', 'cheshmi'),
('p-840-249673', 'saleh hardani'),
('p-840-249673', 'hardani'),
('p-840-295339', 'ali nemati'),
('p-840-295339', 'nemati'),
('p-840-295340', 'danial eiri'),
('p-840-295340', 'eiri'),
('p-840-3821', 'saeid ezatolahi'),
('p-840-3821', 'ezatolahi'),
('p-840-189724', 'mehdi torabi'),
('p-840-189724', 'torabi'),
('p-840-189790', 'mohammad ghorbani'),
('p-840-189790', 'ghorbani'),
('p-840-244158', 'ariya yousefi'),
('p-840-244158', 'yousefi'),
('p-840-249672', 'medhi ghayedi'),
('p-840-249672', 'ghayedi'),
('p-840-295334', 'amir razzaghinia'),
('p-840-295334', 'razzaghinia'),
('p-840-3819', 'alireza jahanbakhsh'),
('p-840-3819', 'jahanbakhsh'),
('p-840-3820', 'mehdi taremi'),
('p-840-3820', 'taremi'),
('p-840-33634', 'dennis eckert'),
('p-840-33634', 'eckert'),
('p-840-119530', 'ali alipour'),
('p-840-119530', 'alipour'),
('p-840-152180', 'shahriar moghanlou'),
('p-840-152180', 'moghanlou'),
('p-840-172641', 'mohammad mohebi'),
('p-840-172641', 'mohebi'),
('p-840-179746', 'saman ghoddos'),
('p-840-179746', 'ghoddos'),
('p-840-254746', 'amir hosseinzadeh'),
('p-840-254746', 'hosseinzadeh');

-- ==================== TEAM: IRAQ ====================
INSERT INTO players (id, team_id, official_name, position, shirt_number, club_at_time, image_url, in_starting_eleven) VALUES
('p-8062-117137', 'iraq-2026', 'Jalal Hassan', 'Goleiro', 1, NULL, NULL, TRUE),
('p-8062-132162', 'iraq-2026', 'Fahad Talib', 'Goleiro', 2, NULL, NULL, FALSE),
('p-8062-236206', 'iraq-2026', 'Ahmed Basil', 'Goleiro', 3, NULL, NULL, FALSE),
('p-8062-129968', 'iraq-2026', 'Hussein Ali', 'Zagueiro', 4, NULL, NULL, TRUE),
('p-8062-152724', 'iraq-2026', 'Merchas Doski', 'Zagueiro', 5, NULL, NULL, TRUE),
('p-8062-210821', 'iraq-2026', 'Rebin Sulaka', 'Zagueiro', 6, NULL, NULL, TRUE),
('p-8062-236191', 'iraq-2026', 'Mustafa Saadoun', 'Zagueiro', 7, NULL, NULL, TRUE),
('p-8062-236195', 'iraq-2026', 'Ahmed Yahya', 'Zagueiro', 8, NULL, NULL, FALSE),
('p-8062-236201', 'iraq-2026', 'Frans Putros', 'Zagueiro', 9, NULL, NULL, FALSE),
('p-8062-249839', 'iraq-2026', 'Zaid Tahseen', 'Zagueiro', 10, NULL, NULL, FALSE),
('p-8062-249877', 'iraq-2026', 'Manaf Younis', 'Zagueiro', 11, NULL, NULL, FALSE),
('p-8062-253190', 'iraq-2026', 'Akam Hashem', 'Zagueiro', 12, NULL, NULL, FALSE),
('p-8062-31373', 'iraq-2026', 'Amir Al Ammari', 'Meia', 13, NULL, NULL, TRUE),
('p-8062-35515', 'iraq-2026', 'Kevin Yakob', 'Meia', 14, NULL, NULL, TRUE),
('p-8062-117481', 'iraq-2026', 'Aimar Sher', 'Meia', 15, NULL, NULL, TRUE),
('p-8062-123067', 'iraq-2026', 'Ibrahim Bayesh', 'Meia', 16, NULL, NULL, FALSE),
('p-8062-165049', 'iraq-2026', 'Youssef Amyn', 'Meia', 17, NULL, NULL, FALSE),
('p-8062-167462', 'iraq-2026', 'Ahmed Qasem', 'Meia', 18, NULL, NULL, FALSE),
('p-8062-176642', 'iraq-2026', 'Zidane Iqbal', 'Meia', 19, NULL, NULL, FALSE),
('p-8062-295321', 'iraq-2026', 'Zaid Ismail', 'Meia', 20, NULL, NULL, FALSE),
('p-8062-117153', 'iraq-2026', 'Aymen Hussein', 'Atacante', 21, NULL, NULL, TRUE),
('p-8062-177008', 'iraq-2026', 'Ali Al-Hamadi', 'Atacante', 22, NULL, NULL, TRUE),
('p-8062-193630', 'iraq-2026', 'Marko Farji', 'Atacante', 23, NULL, NULL, TRUE),
('p-8062-218847', 'iraq-2026', 'Ali Jassim El-Aibi', 'Atacante', 24, NULL, NULL, FALSE),
('p-8062-221753', 'iraq-2026', 'Mohanad Ali', 'Atacante', 25, NULL, NULL, FALSE),
('p-8062-295189', 'iraq-2026', 'Ali Yousif', 'Atacante', 26, NULL, NULL, FALSE)
ON CONFLICT (id) DO NOTHING;

INSERT INTO player_aliases (player_id, alias) VALUES
('p-8062-117137', 'jalal hassan'),
('p-8062-117137', 'hassan'),
('p-8062-132162', 'fahad talib'),
('p-8062-132162', 'talib'),
('p-8062-236206', 'ahmed basil'),
('p-8062-236206', 'basil'),
('p-8062-129968', 'hussein ali'),
('p-8062-129968', 'ali'),
('p-8062-152724', 'merchas doski'),
('p-8062-152724', 'doski'),
('p-8062-210821', 'rebin sulaka'),
('p-8062-210821', 'sulaka'),
('p-8062-236191', 'mustafa saadoun'),
('p-8062-236191', 'saadoun'),
('p-8062-236195', 'ahmed yahya'),
('p-8062-236195', 'yahya'),
('p-8062-236201', 'frans putros'),
('p-8062-236201', 'putros'),
('p-8062-249839', 'zaid tahseen'),
('p-8062-249839', 'tahseen'),
('p-8062-249877', 'manaf younis'),
('p-8062-249877', 'younis'),
('p-8062-253190', 'akam hashem'),
('p-8062-253190', 'hashem'),
('p-8062-31373', 'amir al ammari'),
('p-8062-31373', 'ammari'),
('p-8062-35515', 'kevin yakob'),
('p-8062-35515', 'yakob'),
('p-8062-117481', 'aimar sher'),
('p-8062-117481', 'sher'),
('p-8062-123067', 'ibrahim bayesh'),
('p-8062-123067', 'bayesh'),
('p-8062-165049', 'youssef amyn'),
('p-8062-165049', 'amyn'),
('p-8062-167462', 'ahmed qasem'),
('p-8062-167462', 'qasem'),
('p-8062-176642', 'zidane iqbal'),
('p-8062-176642', 'iqbal'),
('p-8062-295321', 'zaid ismail'),
('p-8062-295321', 'ismail'),
('p-8062-117153', 'aymen hussein'),
('p-8062-117153', 'hussein'),
('p-8062-177008', 'ali al-hamadi'),
('p-8062-177008', 'al-hamadi'),
('p-8062-193630', 'marko farji'),
('p-8062-193630', 'farji'),
('p-8062-218847', 'ali jassim el-aibi'),
('p-8062-218847', 'el-aibi'),
('p-8062-221753', 'mohanad ali'),
('p-8062-221753', 'ali'),
('p-8062-295189', 'ali yousif'),
('p-8062-295189', 'yousif');

-- ==================== TEAM: IVORY COAST ====================
INSERT INTO players (id, team_id, official_name, position, shirt_number, club_at_time, image_url, in_starting_eleven) VALUES
('p-1935-616', 'ivory-coast-2026', 'Yahia Fofana', 'Goleiro', 1, NULL, NULL, TRUE),
('p-1935-8292', 'ivory-coast-2026', 'Alban Lafont', 'Goleiro', 2, NULL, NULL, FALSE),
('p-1935-170943', 'ivory-coast-2026', 'Mohamed Kone', 'Goleiro', 3, NULL, NULL, FALSE),
('p-1935-526', 'ivory-coast-2026', 'Evan N''Dicka', 'Zagueiro', 4, NULL, NULL, TRUE),
('p-1935-700', 'ivory-coast-2026', 'Christopher Operi', 'Zagueiro', 5, NULL, NULL, TRUE),
('p-1935-37432', 'ivory-coast-2026', 'Ghislain Konan', 'Zagueiro', 6, NULL, NULL, TRUE),
('p-1935-113375', 'ivory-coast-2026', 'Wilfried Singo', 'Zagueiro', 7, NULL, NULL, TRUE),
('p-1935-135473', 'ivory-coast-2026', 'Guela Doué', 'Zagueiro', 8, NULL, NULL, FALSE),
('p-1935-149731', 'ivory-coast-2026', 'Emmanuel Agbadou', 'Zagueiro', 9, NULL, NULL, FALSE),
('p-1935-167098', 'ivory-coast-2026', 'Odilon Kossounou', 'Zagueiro', 10, NULL, NULL, FALSE),
('p-1935-191760', 'ivory-coast-2026', 'Ousmane Diomande', 'Zagueiro', 11, NULL, NULL, FALSE),
('p-1935-1747', 'ivory-coast-2026', 'Franck Kessié', 'Meia', 12, NULL, NULL, TRUE),
('p-1935-2126', 'ivory-coast-2026', 'Seko Fofana', 'Meia', 13, NULL, NULL, TRUE),
('p-1935-8307', 'ivory-coast-2026', 'Ibrahim Sangaré', 'Meia', 14, NULL, NULL, TRUE),
('p-1935-8430', 'ivory-coast-2026', 'Jean Michaël Seri', 'Meia', 15, NULL, NULL, FALSE),
('p-1935-144698', 'ivory-coast-2026', 'Parfait Guiagon', 'Meia', 16, NULL, NULL, FALSE),
('p-1935-269161', 'ivory-coast-2026', 'Christ Ravynel Inao Oulaï', 'Meia', 17, NULL, NULL, FALSE),
('p-1935-8412', 'ivory-coast-2026', 'Nicolas Pépé', 'Atacante', 18, NULL, NULL, TRUE),
('p-1935-128710', 'ivory-coast-2026', 'Evann Guessand', 'Atacante', 19, NULL, NULL, TRUE),
('p-1935-133584', 'ivory-coast-2026', 'Amad Diallo', 'Atacante', 20, NULL, NULL, TRUE),
('p-1935-152738', 'ivory-coast-2026', 'Ange-Yoan Bonny', 'Atacante', 21, NULL, NULL, FALSE),
('p-1935-156808', 'ivory-coast-2026', 'Sepe Elye Wahi', 'Atacante', 22, NULL, NULL, FALSE),
('p-1935-166249', 'ivory-coast-2026', 'Simon Adingra', 'Atacante', 23, NULL, NULL, FALSE),
('p-1935-188275', 'ivory-coast-2026', 'Oumar Diakite', 'Atacante', 24, NULL, NULL, FALSE),
('p-1935-249312', 'ivory-coast-2026', 'Bazoumana Touré', 'Atacante', 25, NULL, NULL, FALSE),
('p-1935-277484', 'ivory-coast-2026', 'Yan Diomandé', 'Atacante', 26, NULL, NULL, FALSE)
ON CONFLICT (id) DO NOTHING;

INSERT INTO player_aliases (player_id, alias) VALUES
('p-1935-616', 'yahia fofana'),
('p-1935-616', 'fofana'),
('p-1935-8292', 'alban lafont'),
('p-1935-8292', 'lafont'),
('p-1935-170943', 'mohamed kone'),
('p-1935-170943', 'kone'),
('p-1935-526', 'evan n''dicka'),
('p-1935-526', 'n''dicka'),
('p-1935-700', 'christopher operi'),
('p-1935-700', 'operi'),
('p-1935-37432', 'ghislain konan'),
('p-1935-37432', 'konan'),
('p-1935-113375', 'wilfried singo'),
('p-1935-113375', 'singo'),
('p-1935-135473', 'guela doue'),
('p-1935-135473', 'doue'),
('p-1935-149731', 'emmanuel agbadou'),
('p-1935-149731', 'agbadou'),
('p-1935-167098', 'odilon kossounou'),
('p-1935-167098', 'kossounou'),
('p-1935-191760', 'ousmane diomande'),
('p-1935-191760', 'diomande'),
('p-1935-1747', 'franck kessie'),
('p-1935-1747', 'kessie'),
('p-1935-2126', 'seko fofana'),
('p-1935-2126', 'fofana'),
('p-1935-8307', 'ibrahim sangare'),
('p-1935-8307', 'sangare'),
('p-1935-8430', 'jean michael seri'),
('p-1935-8430', 'seri'),
('p-1935-144698', 'parfait guiagon'),
('p-1935-144698', 'guiagon'),
('p-1935-269161', 'christ ravynel inao oulai'),
('p-1935-269161', 'oulai'),
('p-1935-8412', 'nicolas pepe'),
('p-1935-8412', 'pepe'),
('p-1935-128710', 'evann guessand'),
('p-1935-128710', 'guessand'),
('p-1935-133584', 'amad diallo'),
('p-1935-133584', 'diallo'),
('p-1935-152738', 'ange-yoan bonny'),
('p-1935-152738', 'bonny'),
('p-1935-156808', 'sepe elye wahi'),
('p-1935-156808', 'wahi'),
('p-1935-166249', 'simon adingra'),
('p-1935-166249', 'adingra'),
('p-1935-188275', 'oumar diakite'),
('p-1935-188275', 'diakite'),
('p-1935-249312', 'bazoumana toure'),
('p-1935-249312', 'toure'),
('p-1935-277484', 'yan diomande'),
('p-1935-277484', 'diomande');

-- ==================== TEAM: JAPAN ====================
INSERT INTO players (id, team_id, official_name, position, shirt_number, club_at_time, image_url, in_starting_eleven) VALUES
('p-766-48729', 'japan-2026', 'Keisuke Ōsako', 'Goleiro', 1, NULL, NULL, TRUE),
('p-766-118920', 'japan-2026', 'Zion Suzuki', 'Goleiro', 2, NULL, NULL, FALSE),
('p-766-161335', 'japan-2026', 'Tomoki Hayakawa', 'Goleiro', 3, NULL, NULL, FALSE),
('p-766-3264', 'japan-2026', 'Yūto Nagatomo', 'Zagueiro', 4, NULL, NULL, TRUE),
('p-766-9034', 'japan-2026', 'Takehiro Tomiyasu', 'Zagueiro', 5, NULL, NULL, TRUE),
('p-766-48657', 'japan-2026', 'Hiroki Ito', 'Zagueiro', 6, NULL, NULL, TRUE),
('p-766-48670', 'japan-2026', 'Yukinari Sugawara', 'Zagueiro', 7, NULL, NULL, TRUE),
('p-766-48902', 'japan-2026', 'Ko Itakura', 'Zagueiro', 8, NULL, NULL, FALSE),
('p-766-49097', 'japan-2026', 'Shogo Taniguchi', 'Zagueiro', 9, NULL, NULL, FALSE),
('p-766-113230', 'japan-2026', 'Ayumu Seko', 'Zagueiro', 10, NULL, NULL, FALSE),
('p-766-113595', 'japan-2026', 'Tsuyoshi Watanabe', 'Zagueiro', 11, NULL, NULL, FALSE),
('p-766-181210', 'japan-2026', 'Junnosuke Suzuki', 'Zagueiro', 12, NULL, NULL, FALSE),
('p-766-6716', 'japan-2026', 'Daichi Kamada', 'Meia', 13, NULL, NULL, TRUE),
('p-766-48555', 'japan-2026', 'Takefusa Kubo', 'Meia', 14, NULL, NULL, TRUE),
('p-766-48595', 'japan-2026', 'Keito Nakamura', 'Meia', 15, NULL, NULL, TRUE),
('p-766-49105', 'japan-2026', 'Ao Tanaka', 'Meia', 16, NULL, NULL, FALSE),
('p-766-114809', 'japan-2026', 'Kaishu Sano', 'Meia', 17, NULL, NULL, FALSE),
('p-766-7531', 'japan-2026', 'Ritsu Doan', 'Atacante', 18, NULL, NULL, TRUE),
('p-766-44017', 'japan-2026', 'Daizen Maeda', 'Atacante', 19, NULL, NULL, TRUE),
('p-766-48659', 'japan-2026', 'Koki Ogawa', 'Atacante', 20, NULL, NULL, TRUE),
('p-766-48988', 'japan-2026', 'Shuto Machino', 'Atacante', 21, NULL, NULL, FALSE),
('p-766-49080', 'japan-2026', 'Junya Ito', 'Atacante', 22, NULL, NULL, FALSE),
('p-766-119460', 'japan-2026', 'Ayase Ueda', 'Atacante', 23, NULL, NULL, FALSE),
('p-766-145293', 'japan-2026', 'Yuito Suzuki', 'Atacante', 24, NULL, NULL, FALSE),
('p-766-247160', 'japan-2026', 'Kento Shiogai', 'Atacante', 25, NULL, NULL, FALSE),
('p-766-274204', 'japan-2026', 'Keisuke Goto', 'Atacante', 26, NULL, NULL, FALSE)
ON CONFLICT (id) DO NOTHING;

INSERT INTO player_aliases (player_id, alias) VALUES
('p-766-48729', 'keisuke osako'),
('p-766-48729', 'osako'),
('p-766-118920', 'zion suzuki'),
('p-766-118920', 'suzuki'),
('p-766-161335', 'tomoki hayakawa'),
('p-766-161335', 'hayakawa'),
('p-766-3264', 'yuto nagatomo'),
('p-766-3264', 'nagatomo'),
('p-766-9034', 'takehiro tomiyasu'),
('p-766-9034', 'tomiyasu'),
('p-766-48657', 'hiroki ito'),
('p-766-48657', 'ito'),
('p-766-48670', 'yukinari sugawara'),
('p-766-48670', 'sugawara'),
('p-766-48902', 'ko itakura'),
('p-766-48902', 'itakura'),
('p-766-49097', 'shogo taniguchi'),
('p-766-49097', 'taniguchi'),
('p-766-113230', 'ayumu seko'),
('p-766-113230', 'seko'),
('p-766-113595', 'tsuyoshi watanabe'),
('p-766-113595', 'watanabe'),
('p-766-181210', 'junnosuke suzuki'),
('p-766-181210', 'suzuki'),
('p-766-6716', 'daichi kamada'),
('p-766-6716', 'kamada'),
('p-766-48555', 'takefusa kubo'),
('p-766-48555', 'kubo'),
('p-766-48595', 'keito nakamura'),
('p-766-48595', 'nakamura'),
('p-766-49105', 'ao tanaka'),
('p-766-49105', 'tanaka'),
('p-766-114809', 'kaishu sano'),
('p-766-114809', 'sano'),
('p-766-7531', 'ritsu doan'),
('p-766-7531', 'doan'),
('p-766-44017', 'daizen maeda'),
('p-766-44017', 'maeda'),
('p-766-48659', 'koki ogawa'),
('p-766-48659', 'ogawa'),
('p-766-48988', 'shuto machino'),
('p-766-48988', 'machino'),
('p-766-49080', 'junya ito'),
('p-766-49080', 'ito'),
('p-766-119460', 'ayase ueda'),
('p-766-119460', 'ueda'),
('p-766-145293', 'yuito suzuki'),
('p-766-145293', 'suzuki'),
('p-766-247160', 'kento shiogai'),
('p-766-247160', 'shiogai'),
('p-766-274204', 'keisuke goto'),
('p-766-274204', 'goto');

-- ==================== TEAM: JORDAN ====================
INSERT INTO players (id, team_id, official_name, position, shirt_number, club_at_time, image_url, in_starting_eleven) VALUES
('p-8049-243818', 'jordan-2026', 'Yazeed Abu Layla', 'Goleiro', 1, NULL, NULL, TRUE),
('p-8049-249669', 'jordan-2026', 'Abdallah Al Fakhouri', 'Goleiro', 2, NULL, NULL, FALSE),
('p-8049-250010', 'jordan-2026', 'Noureddin Bani Ateyah', 'Goleiro', 3, NULL, NULL, FALSE),
('p-8049-116915', 'jordan-2026', 'Ehsan Haddad', 'Zagueiro', 4, NULL, NULL, TRUE),
('p-8049-116921', 'jordan-2026', 'Saleem Obaid', 'Zagueiro', 5, NULL, NULL, TRUE),
('p-8049-119303', 'jordan-2026', 'Yazan Al Arab', 'Zagueiro', 6, NULL, NULL, TRUE),
('p-8049-202806', 'jordan-2026', 'Mohammad Abualnadi', 'Zagueiro', 7, NULL, NULL, TRUE),
('p-8049-244110', 'jordan-2026', 'Abdallah Naseeb', 'Zagueiro', 8, NULL, NULL, FALSE),
('p-8049-249653', 'jordan-2026', 'Saed Al Rosan', 'Zagueiro', 9, NULL, NULL, FALSE),
('p-8049-295354', 'jordan-2026', 'Husam Abu Dahab', 'Zagueiro', 10, NULL, NULL, FALSE),
('p-8049-295867', 'jordan-2026', 'Anas Badawi', 'Zagueiro', 11, NULL, NULL, FALSE),
('p-8049-231890', 'jordan-2026', 'Nizar Al Rashdan', 'Meia', 12, NULL, NULL, TRUE),
('p-8049-244171', 'jordan-2026', 'Rajaei Ayed', 'Meia', 13, NULL, NULL, TRUE),
('p-8049-244206', 'jordan-2026', 'Noor Al Rawabdeh', 'Meia', 14, NULL, NULL, TRUE),
('p-8049-244241', 'jordan-2026', 'Mohammad Abu Hasheesh', 'Meia', 15, NULL, NULL, FALSE),
('p-8049-249756', 'jordan-2026', 'Ibrahim Saadeh', 'Meia', 16, NULL, NULL, FALSE),
('p-8049-295351', 'jordan-2026', 'Mohammad Al-Dawoud', 'Meia', 17, NULL, NULL, FALSE),
('p-8049-295352', 'jordan-2026', 'Amer Jamous', 'Meia', 18, NULL, NULL, FALSE),
('p-8049-98763', 'jordan-2026', 'Musa Al Taamari', 'Atacante', 19, NULL, NULL, TRUE),
('p-8049-116928', 'jordan-2026', 'Mahmoud Al Mardi', 'Atacante', 20, NULL, NULL, TRUE),
('p-8049-244174', 'jordan-2026', 'Ali Olwan', 'Atacante', 21, NULL, NULL, TRUE),
('p-8049-244346', 'jordan-2026', 'Mohannad Abu Taha', 'Atacante', 22, NULL, NULL, FALSE),
('p-8049-249762', 'jordan-2026', 'Mohammad Abu Zrayq', 'Atacante', 23, NULL, NULL, FALSE),
('p-8049-280317', 'jordan-2026', 'Ibrahim Sabra', 'Atacante', 24, NULL, NULL, FALSE),
('p-8049-295348', 'jordan-2026', 'Odeh Fakhoury', 'Atacante', 25, NULL, NULL, FALSE),
('p-8049-295350', 'jordan-2026', 'Ali Azaizeh', 'Atacante', 26, NULL, NULL, FALSE)
ON CONFLICT (id) DO NOTHING;

INSERT INTO player_aliases (player_id, alias) VALUES
('p-8049-243818', 'yazeed abu layla'),
('p-8049-243818', 'layla'),
('p-8049-249669', 'abdallah al fakhouri'),
('p-8049-249669', 'fakhouri'),
('p-8049-250010', 'noureddin bani ateyah'),
('p-8049-250010', 'ateyah'),
('p-8049-116915', 'ehsan haddad'),
('p-8049-116915', 'haddad'),
('p-8049-116921', 'saleem obaid'),
('p-8049-116921', 'obaid'),
('p-8049-119303', 'yazan al arab'),
('p-8049-119303', 'arab'),
('p-8049-202806', 'mohammad abualnadi'),
('p-8049-202806', 'abualnadi'),
('p-8049-244110', 'abdallah naseeb'),
('p-8049-244110', 'naseeb'),
('p-8049-249653', 'saed al rosan'),
('p-8049-249653', 'rosan'),
('p-8049-295354', 'husam abu dahab'),
('p-8049-295354', 'dahab'),
('p-8049-295867', 'anas badawi'),
('p-8049-295867', 'badawi'),
('p-8049-231890', 'nizar al rashdan'),
('p-8049-231890', 'rashdan'),
('p-8049-244171', 'rajaei ayed'),
('p-8049-244171', 'ayed'),
('p-8049-244206', 'noor al rawabdeh'),
('p-8049-244206', 'rawabdeh'),
('p-8049-244241', 'mohammad abu hasheesh'),
('p-8049-244241', 'hasheesh'),
('p-8049-249756', 'ibrahim saadeh'),
('p-8049-249756', 'saadeh'),
('p-8049-295351', 'mohammad al-dawoud'),
('p-8049-295351', 'al-dawoud'),
('p-8049-295352', 'amer jamous'),
('p-8049-295352', 'jamous'),
('p-8049-98763', 'musa al taamari'),
('p-8049-98763', 'taamari'),
('p-8049-116928', 'mahmoud al mardi'),
('p-8049-116928', 'mardi'),
('p-8049-244174', 'ali olwan'),
('p-8049-244174', 'olwan'),
('p-8049-244346', 'mohannad abu taha'),
('p-8049-244346', 'taha'),
('p-8049-249762', 'mohammad abu zrayq'),
('p-8049-249762', 'zrayq'),
('p-8049-280317', 'ibrahim sabra'),
('p-8049-280317', 'sabra'),
('p-8049-295348', 'odeh fakhoury'),
('p-8049-295348', 'fakhoury'),
('p-8049-295350', 'ali azaizeh'),
('p-8049-295350', 'azaizeh');

-- ==================== TEAM: MEXICO ====================
INSERT INTO players (id, team_id, official_name, position, shirt_number, club_at_time, image_url, in_starting_eleven) VALUES
('p-769-3285', 'mexico-2026', 'Guillermo Ochoa', 'Goleiro', 1, NULL, NULL, TRUE),
('p-769-39540', 'mexico-2026', 'Carlos Acevedo', 'Goleiro', 2, NULL, NULL, FALSE),
('p-769-177674', 'mexico-2026', 'José Rangel', 'Goleiro', 3, NULL, NULL, FALSE),
('p-769-3298', 'mexico-2026', 'Jesús Gallardo', 'Zagueiro', 4, NULL, NULL, TRUE),
('p-769-39246', 'mexico-2026', 'César Montes', 'Zagueiro', 5, NULL, NULL, TRUE),
('p-769-39330', 'mexico-2026', 'Johan Vásquez', 'Zagueiro', 6, NULL, NULL, TRUE),
('p-769-39546', 'mexico-2026', 'Jorge Sánchez', 'Zagueiro', 7, NULL, NULL, TRUE),
('p-769-39927', 'mexico-2026', 'Luis Romo', 'Zagueiro', 8, NULL, NULL, FALSE),
('p-769-84096', 'mexico-2026', 'Israel Reyes', 'Zagueiro', 9, NULL, NULL, FALSE),
('p-769-246145', 'mexico-2026', 'Mateo Chávez', 'Zagueiro', 10, NULL, NULL, FALSE),
('p-769-3293', 'mexico-2026', 'Edson Álvarez', 'Meia', 11, NULL, NULL, TRUE),
('p-769-38786', 'mexico-2026', 'Orbelín Pineda', 'Meia', 12, NULL, NULL, TRUE),
('p-769-39587', 'mexico-2026', 'Luis Chávez', 'Meia', 13, NULL, NULL, TRUE),
('p-769-76356', 'mexico-2026', 'Erik Lira', 'Meia', 14, NULL, NULL, FALSE),
('p-769-99992', 'mexico-2026', 'Álvaro Fidalgo', 'Meia', 15, NULL, NULL, FALSE),
('p-769-144457', 'mexico-2026', 'Brian Gutiérrez', 'Meia', 16, NULL, NULL, FALSE),
('p-769-170442', 'mexico-2026', 'Obed Vargas', 'Meia', 17, NULL, NULL, FALSE),
('p-769-264596', 'mexico-2026', 'Gilberto Mora', 'Meia', 18, NULL, NULL, FALSE),
('p-769-3305', 'mexico-2026', 'Raúl Jiménez', 'Atacante', 19, NULL, NULL, TRUE),
('p-769-39237', 'mexico-2026', 'Julián Quiñones', 'Atacante', 20, NULL, NULL, TRUE),
('p-769-39472', 'mexico-2026', 'Roberto Alvarado', 'Atacante', 21, NULL, NULL, TRUE),
('p-769-39635', 'mexico-2026', 'Santiago Giménez', 'Atacante', 22, NULL, NULL, FALSE),
('p-769-39667', 'mexico-2026', 'Alexis Vega', 'Atacante', 23, NULL, NULL, FALSE),
('p-769-39833', 'mexico-2026', 'Guillermo Martínez', 'Atacante', 24, NULL, NULL, FALSE),
('p-769-98820', 'mexico-2026', 'César Huerta', 'Atacante', 25, NULL, NULL, FALSE),
('p-769-229284', 'mexico-2026', 'Armando González', 'Atacante', 26, NULL, NULL, FALSE)
ON CONFLICT (id) DO NOTHING;

INSERT INTO player_aliases (player_id, alias) VALUES
('p-769-3285', 'guillermo ochoa'),
('p-769-3285', 'ochoa'),
('p-769-39540', 'carlos acevedo'),
('p-769-39540', 'acevedo'),
('p-769-177674', 'jose rangel'),
('p-769-177674', 'rangel'),
('p-769-3298', 'jesus gallardo'),
('p-769-3298', 'gallardo'),
('p-769-39246', 'cesar montes'),
('p-769-39246', 'montes'),
('p-769-39330', 'johan vasquez'),
('p-769-39330', 'vasquez'),
('p-769-39546', 'jorge sanchez'),
('p-769-39546', 'sanchez'),
('p-769-39927', 'luis romo'),
('p-769-39927', 'romo'),
('p-769-84096', 'israel reyes'),
('p-769-84096', 'reyes'),
('p-769-246145', 'mateo chavez'),
('p-769-246145', 'chavez'),
('p-769-3293', 'edson alvarez'),
('p-769-3293', 'alvarez'),
('p-769-38786', 'orbelin pineda'),
('p-769-38786', 'pineda'),
('p-769-39587', 'luis chavez'),
('p-769-39587', 'chavez'),
('p-769-76356', 'erik lira'),
('p-769-76356', 'lira'),
('p-769-99992', 'alvaro fidalgo'),
('p-769-99992', 'fidalgo'),
('p-769-144457', 'brian gutierrez'),
('p-769-144457', 'gutierrez'),
('p-769-170442', 'obed vargas'),
('p-769-170442', 'vargas'),
('p-769-264596', 'gilberto mora'),
('p-769-264596', 'mora'),
('p-769-3305', 'raul jimenez'),
('p-769-3305', 'jimenez'),
('p-769-39237', 'julian quinones'),
('p-769-39237', 'quinones'),
('p-769-39472', 'roberto alvarado'),
('p-769-39472', 'alvarado'),
('p-769-39635', 'santiago gimenez'),
('p-769-39635', 'gimenez'),
('p-769-39667', 'alexis vega'),
('p-769-39667', 'vega'),
('p-769-39833', 'guillermo martinez'),
('p-769-39833', 'martinez'),
('p-769-98820', 'cesar huerta'),
('p-769-98820', 'huerta'),
('p-769-229284', 'armando gonzalez'),
('p-769-229284', 'gonzalez');

-- ==================== TEAM: MOROCCO ====================
INSERT INTO players (id, team_id, official_name, position, shirt_number, club_at_time, image_url, in_starting_eleven) VALUES
('p-815-3693', 'morocco-2026', 'Munir Mohamedi', 'Goleiro', 1, NULL, NULL, TRUE),
('p-815-3694', 'morocco-2026', 'Yassine Bounou', 'Goleiro', 2, NULL, NULL, FALSE),
('p-815-3695', 'morocco-2026', 'Ahmed Reda Tagnaouti', 'Goleiro', 3, NULL, NULL, FALSE),
('p-815-53', 'morocco-2026', 'Achraf Hakimi', 'Zagueiro', 4, NULL, NULL, TRUE),
('p-815-7553', 'morocco-2026', 'Noussair Mazraoui', 'Zagueiro', 5, NULL, NULL, TRUE),
('p-815-8296', 'morocco-2026', 'Issa Diop', 'Zagueiro', 6, NULL, NULL, TRUE),
('p-815-81191', 'morocco-2026', 'Nayef Aguerd', 'Zagueiro', 7, NULL, NULL, TRUE),
('p-815-137693', 'morocco-2026', 'Anass Salah-Eddine', 'Zagueiro', 8, NULL, NULL, FALSE),
('p-815-150948', 'morocco-2026', 'Chadi Riad', 'Zagueiro', 9, NULL, NULL, FALSE),
('p-815-172822', 'morocco-2026', 'Redouane Halhal', 'Zagueiro', 10, NULL, NULL, FALSE),
('p-815-213459', 'morocco-2026', 'Zakaria El Ouahdi', 'Zagueiro', 11, NULL, NULL, FALSE),
('p-815-277391', 'morocco-2026', 'Youssef Belammari', 'Zagueiro', 12, NULL, NULL, FALSE),
('p-815-3705', 'morocco-2026', 'Sofyan Amrabat', 'Meia', 13, NULL, NULL, TRUE),
('p-815-7887', 'morocco-2026', 'Brahim Diaz', 'Meia', 14, NULL, NULL, TRUE),
('p-815-122511', 'morocco-2026', 'Azzedine Ounahi', 'Meia', 15, NULL, NULL, TRUE),
('p-815-130173', 'morocco-2026', 'Ismael Saibari', 'Meia', 16, NULL, NULL, FALSE),
('p-815-170647', 'morocco-2026', 'Neil El Aynaoui', 'Meia', 17, NULL, NULL, FALSE),
('p-815-189873', 'morocco-2026', 'Bilal El Khannouss', 'Meia', 18, NULL, NULL, FALSE),
('p-815-221819', 'morocco-2026', 'Ayyoub Bouaddi', 'Meia', 19, NULL, NULL, FALSE),
('p-815-244929', 'morocco-2026', 'Samir El Mourabet', 'Meia', 20, NULL, NULL, FALSE),
('p-815-130502', 'morocco-2026', 'Soufiane Rahimi', 'Atacante', 21, NULL, NULL, TRUE),
('p-815-172417', 'morocco-2026', 'Ayoub El Kaabi', 'Atacante', 22, NULL, NULL, TRUE),
('p-815-175941', 'morocco-2026', 'Abdessamad Ezzalzouli', 'Atacante', 23, NULL, NULL, TRUE),
('p-815-192313', 'morocco-2026', 'Chemsdine Talbi', 'Atacante', 24, NULL, NULL, FALSE),
('p-815-245336', 'morocco-2026', 'Gessime Yassine', 'Atacante', 25, NULL, NULL, FALSE),
('p-815-261438', 'morocco-2026', 'Ayoube Amaimouni-Echghouyab', 'Atacante', 26, NULL, NULL, FALSE)
ON CONFLICT (id) DO NOTHING;

INSERT INTO player_aliases (player_id, alias) VALUES
('p-815-3693', 'munir mohamedi'),
('p-815-3693', 'mohamedi'),
('p-815-3694', 'yassine bounou'),
('p-815-3694', 'bounou'),
('p-815-3695', 'ahmed reda tagnaouti'),
('p-815-3695', 'tagnaouti'),
('p-815-53', 'achraf hakimi'),
('p-815-53', 'hakimi'),
('p-815-7553', 'noussair mazraoui'),
('p-815-7553', 'mazraoui'),
('p-815-8296', 'issa diop'),
('p-815-8296', 'diop'),
('p-815-81191', 'nayef aguerd'),
('p-815-81191', 'aguerd'),
('p-815-137693', 'anass salah-eddine'),
('p-815-137693', 'salah-eddine'),
('p-815-150948', 'chadi riad'),
('p-815-150948', 'riad'),
('p-815-172822', 'redouane halhal'),
('p-815-172822', 'halhal'),
('p-815-213459', 'zakaria el ouahdi'),
('p-815-213459', 'ouahdi'),
('p-815-277391', 'youssef belammari'),
('p-815-277391', 'belammari'),
('p-815-3705', 'sofyan amrabat'),
('p-815-3705', 'amrabat'),
('p-815-7887', 'brahim diaz'),
('p-815-7887', 'diaz'),
('p-815-122511', 'azzedine ounahi'),
('p-815-122511', 'ounahi'),
('p-815-130173', 'ismael saibari'),
('p-815-130173', 'saibari'),
('p-815-170647', 'neil el aynaoui'),
('p-815-170647', 'aynaoui'),
('p-815-189873', 'bilal el khannouss'),
('p-815-189873', 'khannouss'),
('p-815-221819', 'ayyoub bouaddi'),
('p-815-221819', 'bouaddi'),
('p-815-244929', 'samir el mourabet'),
('p-815-244929', 'mourabet'),
('p-815-130502', 'soufiane rahimi'),
('p-815-130502', 'rahimi'),
('p-815-172417', 'ayoub el kaabi'),
('p-815-172417', 'kaabi'),
('p-815-175941', 'abdessamad ezzalzouli'),
('p-815-175941', 'ezzalzouli'),
('p-815-192313', 'chemsdine talbi'),
('p-815-192313', 'talbi'),
('p-815-245336', 'gessime yassine'),
('p-815-245336', 'yassine'),
('p-815-261438', 'ayoube amaimouni-echghouyab'),
('p-815-261438', 'amaimouni-echghouyab');

-- ==================== TEAM: NETHERLANDS ====================
INSERT INTO players (id, team_id, official_name, position, shirt_number, club_at_time, image_url, in_starting_eleven) VALUES
('p-8601-9923', 'netherlands-2026', 'Mark Flekken', 'Goleiro', 1, NULL, NULL, TRUE),
('p-8601-126870', 'netherlands-2026', 'Bart Verbruggen', 'Goleiro', 2, NULL, NULL, FALSE),
('p-8601-137691', 'netherlands-2026', 'Robin Roefs', 'Goleiro', 3, NULL, NULL, FALSE),
('p-8601-7417', 'netherlands-2026', 'Denzel Dumfries', 'Zagueiro', 4, NULL, NULL, TRUE),
('p-8601-7869', 'netherlands-2026', 'Virgil van Dijk', 'Zagueiro', 5, NULL, NULL, TRUE),
('p-8601-8240', 'netherlands-2026', 'Nathan Aké', 'Zagueiro', 6, NULL, NULL, TRUE),
('p-8601-97505', 'netherlands-2026', 'Mats Wieffer', 'Zagueiro', 7, NULL, NULL, TRUE),
('p-8601-98566', 'netherlands-2026', 'Jan Paul van Hecke', 'Zagueiro', 8, NULL, NULL, FALSE),
('p-8601-98816', 'netherlands-2026', 'Jurrien Timber', 'Zagueiro', 9, NULL, NULL, FALSE),
('p-8601-131177', 'netherlands-2026', 'Mickey van de Ven', 'Zagueiro', 10, NULL, NULL, FALSE),
('p-8601-189477', 'netherlands-2026', 'Jorrel Hato', 'Zagueiro', 11, NULL, NULL, FALSE),
('p-8601-1848', 'netherlands-2026', 'Marten de Roon', 'Meia', 12, NULL, NULL, TRUE),
('p-8601-7457', 'netherlands-2026', 'Donyell Malen', 'Meia', 13, NULL, NULL, TRUE),
('p-8601-7559', 'netherlands-2026', 'Frenkie de Jong', 'Meia', 14, NULL, NULL, TRUE),
('p-8601-7561', 'netherlands-2026', 'Justin Kluivert', 'Meia', 15, NULL, NULL, FALSE),
('p-8601-7565', 'netherlands-2026', 'Noa Lang', 'Meia', 16, NULL, NULL, FALSE),
('p-8601-7688', 'netherlands-2026', 'Guus Til', 'Meia', 17, NULL, NULL, FALSE),
('p-8601-7693', 'netherlands-2026', 'Teun Koopmeiners', 'Meia', 18, NULL, NULL, FALSE),
('p-8601-7696', 'netherlands-2026', 'Tijjani Reijnders', 'Meia', 19, NULL, NULL, FALSE),
('p-8601-81793', 'netherlands-2026', 'Ryan Gravenberch', 'Meia', 20, NULL, NULL, FALSE),
('p-8601-97536', 'netherlands-2026', 'Quinten Timber', 'Meia', 21, NULL, NULL, FALSE),
('p-8601-7459', 'netherlands-2026', 'Cody Gakpo', 'Atacante', 22, NULL, NULL, TRUE),
('p-8601-7697', 'netherlands-2026', 'Wout Weghorst', 'Atacante', 23, NULL, NULL, TRUE),
('p-8601-8472', 'netherlands-2026', 'Memphis Depay', 'Atacante', 24, NULL, NULL, TRUE),
('p-8601-97535', 'netherlands-2026', 'Brian Brobbey', 'Atacante', 25, NULL, NULL, FALSE),
('p-8601-102193', 'netherlands-2026', 'Crysencio Summerville', 'Atacante', 26, NULL, NULL, FALSE)
ON CONFLICT (id) DO NOTHING;

INSERT INTO player_aliases (player_id, alias) VALUES
('p-8601-9923', 'mark flekken'),
('p-8601-9923', 'flekken'),
('p-8601-126870', 'bart verbruggen'),
('p-8601-126870', 'verbruggen'),
('p-8601-137691', 'robin roefs'),
('p-8601-137691', 'roefs'),
('p-8601-7417', 'denzel dumfries'),
('p-8601-7417', 'dumfries'),
('p-8601-7869', 'virgil van dijk'),
('p-8601-7869', 'dijk'),
('p-8601-8240', 'nathan ake'),
('p-8601-8240', 'ake'),
('p-8601-97505', 'mats wieffer'),
('p-8601-97505', 'wieffer'),
('p-8601-98566', 'jan paul van hecke'),
('p-8601-98566', 'hecke'),
('p-8601-98816', 'jurrien timber'),
('p-8601-98816', 'timber'),
('p-8601-131177', 'mickey van de ven'),
('p-8601-131177', 'ven'),
('p-8601-189477', 'jorrel hato'),
('p-8601-189477', 'hato'),
('p-8601-1848', 'marten de roon'),
('p-8601-1848', 'roon'),
('p-8601-7457', 'donyell malen'),
('p-8601-7457', 'malen'),
('p-8601-7559', 'frenkie de jong'),
('p-8601-7559', 'jong'),
('p-8601-7561', 'justin kluivert'),
('p-8601-7561', 'kluivert'),
('p-8601-7565', 'noa lang'),
('p-8601-7565', 'lang'),
('p-8601-7688', 'guus til'),
('p-8601-7688', 'til'),
('p-8601-7693', 'teun koopmeiners'),
('p-8601-7693', 'koopmeiners'),
('p-8601-7696', 'tijjani reijnders'),
('p-8601-7696', 'reijnders'),
('p-8601-81793', 'ryan gravenberch'),
('p-8601-81793', 'gravenberch'),
('p-8601-97536', 'quinten timber'),
('p-8601-97536', 'timber'),
('p-8601-7459', 'cody gakpo'),
('p-8601-7459', 'gakpo'),
('p-8601-7697', 'wout weghorst'),
('p-8601-7697', 'weghorst'),
('p-8601-8472', 'memphis depay'),
('p-8601-8472', 'depay'),
('p-8601-97535', 'brian brobbey'),
('p-8601-97535', 'brobbey'),
('p-8601-102193', 'crysencio summerville'),
('p-8601-102193', 'summerville');

-- ==================== TEAM: NEW ZEALAND ====================
INSERT INTO players (id, team_id, official_name, position, shirt_number, club_at_time, image_url, in_starting_eleven) VALUES
('p-783-48418', 'new-zealand-2026', 'Max Crocombe', 'Goleiro', 1, NULL, NULL, TRUE),
('p-783-80167', 'new-zealand-2026', 'Michael Woud', 'Goleiro', 2, NULL, NULL, FALSE),
('p-783-176204', 'new-zealand-2026', 'Alex Paulsen', 'Goleiro', 3, NULL, NULL, FALSE),
('p-783-4690', 'new-zealand-2026', 'Liberato Cacace', 'Zagueiro', 4, NULL, NULL, TRUE),
('p-783-11392', 'new-zealand-2026', 'Tommy Smith', 'Zagueiro', 5, NULL, NULL, TRUE),
('p-783-77036', 'new-zealand-2026', 'Michael Boxall', 'Zagueiro', 6, NULL, NULL, TRUE),
('p-783-111787', 'new-zealand-2026', 'Francis De Vries', 'Zagueiro', 7, NULL, NULL, TRUE),
('p-783-113754', 'new-zealand-2026', 'Callan Elliot', 'Zagueiro', 8, NULL, NULL, FALSE),
('p-783-125116', 'new-zealand-2026', 'Tim Payne', 'Zagueiro', 9, NULL, NULL, FALSE),
('p-783-146549', 'new-zealand-2026', 'Nando Pijnaker', 'Zagueiro', 10, NULL, NULL, FALSE),
('p-783-176993', 'new-zealand-2026', 'Finn Surman', 'Zagueiro', 11, NULL, NULL, FALSE),
('p-783-214425', 'new-zealand-2026', 'Tyler Bindon', 'Zagueiro', 12, NULL, NULL, FALSE),
('p-783-4680', 'new-zealand-2026', 'Alex Rufer', 'Meia', 13, NULL, NULL, TRUE),
('p-783-4684', 'new-zealand-2026', 'Sarpreet Singh', 'Meia', 14, NULL, NULL, TRUE),
('p-783-7723', 'new-zealand-2026', 'Ryan Thomas', 'Meia', 15, NULL, NULL, TRUE),
('p-783-125117', 'new-zealand-2026', 'Callum McCowatt', 'Meia', 16, NULL, NULL, FALSE),
('p-783-144646', 'new-zealand-2026', 'Joe Bell', 'Meia', 17, NULL, NULL, FALSE),
('p-783-156513', 'new-zealand-2026', 'Marko Stamenic', 'Meia', 18, NULL, NULL, FALSE),
('p-783-177602', 'new-zealand-2026', 'Ben Old', 'Meia', 19, NULL, NULL, FALSE),
('p-783-4593', 'new-zealand-2026', 'Kosta Barbarouses', 'Atacante', 20, NULL, NULL, TRUE),
('p-783-4693', 'new-zealand-2026', 'Logan Rogerson', 'Atacante', 21, NULL, NULL, TRUE),
('p-783-8057', 'new-zealand-2026', 'Chris Wood', 'Atacante', 22, NULL, NULL, TRUE),
('p-783-82829', 'new-zealand-2026', 'Ben Waine', 'Atacante', 23, NULL, NULL, FALSE),
('p-783-118981', 'new-zealand-2026', 'Elijah Just', 'Atacante', 24, NULL, NULL, FALSE),
('p-783-218039', 'new-zealand-2026', 'Lachlan Bayliss', 'Atacante', 25, NULL, NULL, FALSE),
('p-783-261259', 'new-zealand-2026', 'Jesse Randall', 'Atacante', 26, NULL, NULL, FALSE)
ON CONFLICT (id) DO NOTHING;

INSERT INTO player_aliases (player_id, alias) VALUES
('p-783-48418', 'max crocombe'),
('p-783-48418', 'crocombe'),
('p-783-80167', 'michael woud'),
('p-783-80167', 'woud'),
('p-783-176204', 'alex paulsen'),
('p-783-176204', 'paulsen'),
('p-783-4690', 'liberato cacace'),
('p-783-4690', 'cacace'),
('p-783-11392', 'tommy smith'),
('p-783-11392', 'smith'),
('p-783-77036', 'michael boxall'),
('p-783-77036', 'boxall'),
('p-783-111787', 'francis de vries'),
('p-783-111787', 'vries'),
('p-783-113754', 'callan elliot'),
('p-783-113754', 'elliot'),
('p-783-125116', 'tim payne'),
('p-783-125116', 'payne'),
('p-783-146549', 'nando pijnaker'),
('p-783-146549', 'pijnaker'),
('p-783-176993', 'finn surman'),
('p-783-176993', 'surman'),
('p-783-214425', 'tyler bindon'),
('p-783-214425', 'bindon'),
('p-783-4680', 'alex rufer'),
('p-783-4680', 'rufer'),
('p-783-4684', 'sarpreet singh'),
('p-783-4684', 'singh'),
('p-783-7723', 'ryan thomas'),
('p-783-7723', 'thomas'),
('p-783-125117', 'callum mccowatt'),
('p-783-125117', 'mccowatt'),
('p-783-144646', 'joe bell'),
('p-783-144646', 'bell'),
('p-783-156513', 'marko stamenic'),
('p-783-156513', 'stamenic'),
('p-783-177602', 'ben old'),
('p-783-177602', 'old'),
('p-783-4593', 'kosta barbarouses'),
('p-783-4593', 'barbarouses'),
('p-783-4693', 'logan rogerson'),
('p-783-4693', 'rogerson'),
('p-783-8057', 'chris wood'),
('p-783-8057', 'wood'),
('p-783-82829', 'ben waine'),
('p-783-82829', 'waine'),
('p-783-118981', 'elijah just'),
('p-783-118981', 'just'),
('p-783-218039', 'lachlan bayliss'),
('p-783-218039', 'bayliss'),
('p-783-261259', 'jesse randall'),
('p-783-261259', 'randall');

-- ==================== TEAM: NORWAY ====================
INSERT INTO players (id, team_id, official_name, position, shirt_number, club_at_time, image_url, in_starting_eleven) VALUES
('p-8872-6843', 'norway-2026', 'Ørjan Nyland', 'Goleiro', 1, NULL, NULL, TRUE),
('p-8872-44441', 'norway-2026', 'Egil Selvik', 'Goleiro', 2, NULL, NULL, FALSE),
('p-8872-146024', 'norway-2026', 'Sander Tangvik', 'Goleiro', 3, NULL, NULL, FALSE),
('p-8872-16068', 'norway-2026', 'Kristoffer Ajer', 'Zagueiro', 4, NULL, NULL, TRUE),
('p-8872-16197', 'norway-2026', 'Torbjørn Heggem', 'Zagueiro', 5, NULL, NULL, TRUE),
('p-8872-37913', 'norway-2026', 'Fredrik Bjørkan', 'Zagueiro', 6, NULL, NULL, TRUE),
('p-8872-38548', 'norway-2026', 'Marcus Pedersen', 'Zagueiro', 7, NULL, NULL, TRUE),
('p-8872-44030', 'norway-2026', 'Julian Ryerson', 'Zagueiro', 8, NULL, NULL, FALSE),
('p-8872-44032', 'norway-2026', 'Leo Østigård', 'Zagueiro', 9, NULL, NULL, FALSE),
('p-8872-135036', 'norway-2026', 'Henrik Falchener', 'Zagueiro', 10, NULL, NULL, FALSE),
('p-8872-145159', 'norway-2026', 'Sondre Langås', 'Zagueiro', 11, NULL, NULL, FALSE),
('p-8872-205467', 'norway-2026', 'David Wolfe', 'Zagueiro', 12, NULL, NULL, FALSE),
('p-8872-7421', 'norway-2026', 'Morten Thorsby', 'Meia', 13, NULL, NULL, TRUE),
('p-8872-7427', 'norway-2026', 'Martin Ødegaard', 'Meia', 14, NULL, NULL, TRUE),
('p-8872-8973', 'norway-2026', 'Sander Berge', 'Meia', 15, NULL, NULL, TRUE),
('p-8872-37924', 'norway-2026', 'Patrick Berg', 'Meia', 16, NULL, NULL, FALSE),
('p-8872-38088', 'norway-2026', 'Fredrik Aursnes', 'Meia', 17, NULL, NULL, FALSE),
('p-8872-44033', 'norway-2026', 'Kristian Thorstvedt', 'Meia', 18, NULL, NULL, FALSE),
('p-8872-150589', 'norway-2026', 'Thelo Aasgaard', 'Meia', 19, NULL, NULL, FALSE),
('p-8872-8167', 'norway-2026', 'Alexander Sørloth', 'Atacante', 20, NULL, NULL, TRUE),
('p-8872-37916', 'norway-2026', 'Jens Hauge', 'Atacante', 21, NULL, NULL, TRUE),
('p-8872-38101', 'norway-2026', 'Erling Haaland', 'Atacante', 22, NULL, NULL, TRUE),
('p-8872-157796', 'norway-2026', 'Andreas Schjelderup', 'Atacante', 23, NULL, NULL, FALSE),
('p-8872-169295', 'norway-2026', 'Antonio Nusa', 'Atacante', 24, NULL, NULL, FALSE),
('p-8872-179716', 'norway-2026', 'Oscar Bobb', 'Atacante', 25, NULL, NULL, FALSE),
('p-8872-213269', 'norway-2026', 'Jørgen Strand Larsen', 'Atacante', 26, NULL, NULL, FALSE)
ON CONFLICT (id) DO NOTHING;

INSERT INTO player_aliases (player_id, alias) VALUES
('p-8872-6843', 'ørjan nyland'),
('p-8872-6843', 'nyland'),
('p-8872-44441', 'egil selvik'),
('p-8872-44441', 'selvik'),
('p-8872-146024', 'sander tangvik'),
('p-8872-146024', 'tangvik'),
('p-8872-16068', 'kristoffer ajer'),
('p-8872-16068', 'ajer'),
('p-8872-16197', 'torbjørn heggem'),
('p-8872-16197', 'heggem'),
('p-8872-37913', 'fredrik bjørkan'),
('p-8872-37913', 'bjørkan'),
('p-8872-38548', 'marcus pedersen'),
('p-8872-38548', 'pedersen'),
('p-8872-44030', 'julian ryerson'),
('p-8872-44030', 'ryerson'),
('p-8872-44032', 'leo østigard'),
('p-8872-44032', 'østigard'),
('p-8872-135036', 'henrik falchener'),
('p-8872-135036', 'falchener'),
('p-8872-145159', 'sondre langas'),
('p-8872-145159', 'langas'),
('p-8872-205467', 'david wolfe'),
('p-8872-205467', 'wolfe'),
('p-8872-7421', 'morten thorsby'),
('p-8872-7421', 'thorsby'),
('p-8872-7427', 'martin ødegaard'),
('p-8872-7427', 'ødegaard'),
('p-8872-8973', 'sander berge'),
('p-8872-8973', 'berge'),
('p-8872-37924', 'patrick berg'),
('p-8872-37924', 'berg'),
('p-8872-38088', 'fredrik aursnes'),
('p-8872-38088', 'aursnes'),
('p-8872-44033', 'kristian thorstvedt'),
('p-8872-44033', 'thorstvedt'),
('p-8872-150589', 'thelo aasgaard'),
('p-8872-150589', 'aasgaard'),
('p-8872-8167', 'alexander sørloth'),
('p-8872-8167', 'sørloth'),
('p-8872-37916', 'jens hauge'),
('p-8872-37916', 'hauge'),
('p-8872-38101', 'erling haaland'),
('p-8872-38101', 'haaland'),
('p-8872-157796', 'andreas schjelderup'),
('p-8872-157796', 'schjelderup'),
('p-8872-169295', 'antonio nusa'),
('p-8872-169295', 'nusa'),
('p-8872-179716', 'oscar bobb'),
('p-8872-179716', 'bobb'),
('p-8872-213269', 'jørgen strand larsen'),
('p-8872-213269', 'larsen');

-- ==================== TEAM: PANAMA ====================
INSERT INTO players (id, team_id, official_name, position, shirt_number, club_at_time, image_url, in_starting_eleven) VALUES
('p-1836-28382', 'panama-2026', 'Luis Mejía', 'Goleiro', 1, NULL, NULL, TRUE),
('p-1836-100186', 'panama-2026', 'Orlando Mosquera', 'Goleiro', 2, NULL, NULL, FALSE),
('p-1836-110566', 'panama-2026', 'Cesar Samudio', 'Goleiro', 3, NULL, NULL, FALSE),
('p-1836-22771', 'panama-2026', 'Roderick Miller', 'Zagueiro', 4, NULL, NULL, TRUE),
('p-1836-43786', 'panama-2026', 'Fidel Escobar', 'Zagueiro', 5, NULL, NULL, TRUE),
('p-1836-43787', 'panama-2026', 'Éric Davis', 'Zagueiro', 6, NULL, NULL, TRUE),
('p-1836-76711', 'panama-2026', 'Andrés Andrade', 'Zagueiro', 7, NULL, NULL, TRUE),
('p-1836-84481', 'panama-2026', 'César Blackman', 'Zagueiro', 8, NULL, NULL, FALSE),
('p-1836-100199', 'panama-2026', 'Jiovany Ramos', 'Zagueiro', 9, NULL, NULL, FALSE),
('p-1836-103208', 'panama-2026', 'José Cordoba', 'Zagueiro', 10, NULL, NULL, FALSE),
('p-1836-188908', 'panama-2026', 'Michael Murillo', 'Zagueiro', 11, NULL, NULL, FALSE),
('p-1836-253717', 'panama-2026', 'Edgardo Fariña', 'Zagueiro', 12, NULL, NULL, FALSE),
('p-1836-275040', 'panama-2026', 'Jorge Gutiérrez', 'Zagueiro', 13, NULL, NULL, FALSE),
('p-1836-3864', 'panama-2026', 'Adalberto Carrasquilla', 'Meia', 14, NULL, NULL, TRUE),
('p-1836-39139', 'panama-2026', 'Édgar Bárcenas', 'Meia', 15, NULL, NULL, TRUE),
('p-1836-43793', 'panama-2026', 'Aníbal Godoy', 'Meia', 16, NULL, NULL, TRUE),
('p-1836-58751', 'panama-2026', 'Alberto Quintero', 'Meia', 17, NULL, NULL, FALSE),
('p-1836-103158', 'panama-2026', 'Carlos Harvey', 'Meia', 18, NULL, NULL, FALSE),
('p-1836-166946', 'panama-2026', 'Christian Martinez', 'Meia', 19, NULL, NULL, FALSE),
('p-1836-3868', 'panama-2026', 'José Fajardo', 'Atacante', 20, NULL, NULL, TRUE),
('p-1836-8919', 'panama-2026', 'José Luis Rodríguez', 'Atacante', 21, NULL, NULL, TRUE),
('p-1836-28668', 'panama-2026', 'Cecilio Waterman', 'Atacante', 22, NULL, NULL, TRUE),
('p-1836-43795', 'panama-2026', 'Ismael Díaz', 'Atacante', 23, NULL, NULL, FALSE),
('p-1836-105650', 'panama-2026', 'Tomas Rodriguez', 'Atacante', 24, NULL, NULL, FALSE),
('p-1836-110577', 'panama-2026', 'César Yanis', 'Atacante', 25, NULL, NULL, FALSE),
('p-1836-159094', 'panama-2026', 'Azarias Londoño', 'Atacante', 26, NULL, NULL, FALSE)
ON CONFLICT (id) DO NOTHING;

INSERT INTO player_aliases (player_id, alias) VALUES
('p-1836-28382', 'luis mejia'),
('p-1836-28382', 'mejia'),
('p-1836-100186', 'orlando mosquera'),
('p-1836-100186', 'mosquera'),
('p-1836-110566', 'cesar samudio'),
('p-1836-110566', 'samudio'),
('p-1836-22771', 'roderick miller'),
('p-1836-22771', 'miller'),
('p-1836-43786', 'fidel escobar'),
('p-1836-43786', 'escobar'),
('p-1836-43787', 'eric davis'),
('p-1836-43787', 'davis'),
('p-1836-76711', 'andres andrade'),
('p-1836-76711', 'andrade'),
('p-1836-84481', 'cesar blackman'),
('p-1836-84481', 'blackman'),
('p-1836-100199', 'jiovany ramos'),
('p-1836-100199', 'ramos'),
('p-1836-103208', 'jose cordoba'),
('p-1836-103208', 'cordoba'),
('p-1836-188908', 'michael murillo'),
('p-1836-188908', 'murillo'),
('p-1836-253717', 'edgardo farina'),
('p-1836-253717', 'farina'),
('p-1836-275040', 'jorge gutierrez'),
('p-1836-275040', 'gutierrez'),
('p-1836-3864', 'adalberto carrasquilla'),
('p-1836-3864', 'carrasquilla'),
('p-1836-39139', 'edgar barcenas'),
('p-1836-39139', 'barcenas'),
('p-1836-43793', 'anibal godoy'),
('p-1836-43793', 'godoy'),
('p-1836-58751', 'alberto quintero'),
('p-1836-58751', 'quintero'),
('p-1836-103158', 'carlos harvey'),
('p-1836-103158', 'harvey'),
('p-1836-166946', 'christian martinez'),
('p-1836-166946', 'martinez'),
('p-1836-3868', 'jose fajardo'),
('p-1836-3868', 'fajardo'),
('p-1836-8919', 'jose luis rodriguez'),
('p-1836-8919', 'rodriguez'),
('p-1836-28668', 'cecilio waterman'),
('p-1836-28668', 'waterman'),
('p-1836-43795', 'ismael diaz'),
('p-1836-43795', 'diaz'),
('p-1836-105650', 'tomas rodriguez'),
('p-1836-105650', 'rodriguez'),
('p-1836-110577', 'cesar yanis'),
('p-1836-110577', 'yanis'),
('p-1836-159094', 'azarias londono'),
('p-1836-159094', 'londono');

-- ==================== TEAM: PARAGUAY ====================
INSERT INTO players (id, team_id, official_name, position, shirt_number, club_at_time, image_url, in_starting_eleven) VALUES
('p-761-28294', 'paraguay-2026', 'Gastón Olveira', 'Goleiro', 1, NULL, NULL, TRUE),
('p-761-169622', 'paraguay-2026', 'Roberto Fernández', 'Goleiro', 2, NULL, NULL, FALSE),
('p-761-270728', 'paraguay-2026', 'Orlando Gill', 'Goleiro', 3, NULL, NULL, FALSE),
('p-761-1436', 'paraguay-2026', 'Fabián Balbuena', 'Zagueiro', 4, NULL, NULL, TRUE),
('p-761-1741', 'paraguay-2026', 'Gustavo Gómez', 'Zagueiro', 5, NULL, NULL, TRUE),
('p-761-8395', 'paraguay-2026', 'Júnior Alonso', 'Zagueiro', 6, NULL, NULL, TRUE),
('p-761-46491', 'paraguay-2026', 'Omar Alderete', 'Zagueiro', 7, NULL, NULL, TRUE),
('p-761-141752', 'paraguay-2026', 'Juan Cáceres', 'Zagueiro', 8, NULL, NULL, FALSE),
('p-761-172169', 'paraguay-2026', 'Gustavo Velázquez', 'Zagueiro', 9, NULL, NULL, FALSE),
('p-761-178832', 'paraguay-2026', 'José Canale', 'Zagueiro', 10, NULL, NULL, FALSE),
('p-761-274608', 'paraguay-2026', 'Alexandro Maidana', 'Zagueiro', 11, NULL, NULL, FALSE),
('p-761-46467', 'paraguay-2026', 'Andrés Cubas', 'Meia', 12, NULL, NULL, TRUE),
('p-761-57316', 'paraguay-2026', 'Kaku', 'Meia', 13, NULL, NULL, TRUE),
('p-761-76861', 'paraguay-2026', 'Miguel Almirón', 'Meia', 14, NULL, NULL, TRUE),
('p-761-119594', 'paraguay-2026', 'Mauricio', 'Meia', 15, NULL, NULL, FALSE),
('p-761-122397', 'paraguay-2026', 'Braian Ojeda', 'Meia', 16, NULL, NULL, FALSE),
('p-761-165622', 'paraguay-2026', 'Matías Galarza', 'Meia', 17, NULL, NULL, FALSE),
('p-761-168954', 'paraguay-2026', 'Damian Bobadilla', 'Meia', 18, NULL, NULL, FALSE),
('p-761-178951', 'paraguay-2026', 'Diego Gómez', 'Meia', 19, NULL, NULL, FALSE),
('p-761-14', 'paraguay-2026', 'Antonio Sanabria', 'Atacante', 20, NULL, NULL, TRUE),
('p-761-59693', 'paraguay-2026', 'Gabriel Ávalos', 'Atacante', 21, NULL, NULL, TRUE),
('p-761-114353', 'paraguay-2026', 'Isidro Pitta', 'Atacante', 22, NULL, NULL, TRUE),
('p-761-140647', 'paraguay-2026', 'Ramón Sosa', 'Atacante', 23, NULL, NULL, FALSE),
('p-761-168949', 'paraguay-2026', 'Julio Enciso', 'Atacante', 24, NULL, NULL, FALSE),
('p-761-191772', 'paraguay-2026', 'Gustavo Caballero', 'Atacante', 25, NULL, NULL, FALSE),
('p-761-250206', 'paraguay-2026', 'Alex Arce', 'Atacante', 26, NULL, NULL, FALSE)
ON CONFLICT (id) DO NOTHING;

INSERT INTO player_aliases (player_id, alias) VALUES
('p-761-28294', 'gaston olveira'),
('p-761-28294', 'olveira'),
('p-761-169622', 'roberto fernandez'),
('p-761-169622', 'fernandez'),
('p-761-270728', 'orlando gill'),
('p-761-270728', 'gill'),
('p-761-1436', 'fabian balbuena'),
('p-761-1436', 'balbuena'),
('p-761-1741', 'gustavo gomez'),
('p-761-1741', 'gomez'),
('p-761-8395', 'junior alonso'),
('p-761-8395', 'alonso'),
('p-761-46491', 'omar alderete'),
('p-761-46491', 'alderete'),
('p-761-141752', 'juan caceres'),
('p-761-141752', 'caceres'),
('p-761-172169', 'gustavo velazquez'),
('p-761-172169', 'velazquez'),
('p-761-178832', 'jose canale'),
('p-761-178832', 'canale'),
('p-761-274608', 'alexandro maidana'),
('p-761-274608', 'maidana'),
('p-761-46467', 'andres cubas'),
('p-761-46467', 'cubas'),
('p-761-57316', 'kaku'),
('p-761-76861', 'miguel almiron'),
('p-761-76861', 'almiron'),
('p-761-119594', 'mauricio'),
('p-761-122397', 'braian ojeda'),
('p-761-122397', 'ojeda'),
('p-761-165622', 'matias galarza'),
('p-761-165622', 'galarza'),
('p-761-168954', 'damian bobadilla'),
('p-761-168954', 'bobadilla'),
('p-761-178951', 'diego gomez'),
('p-761-178951', 'gomez'),
('p-761-14', 'antonio sanabria'),
('p-761-14', 'sanabria'),
('p-761-59693', 'gabriel avalos'),
('p-761-59693', 'avalos'),
('p-761-114353', 'isidro pitta'),
('p-761-114353', 'pitta'),
('p-761-140647', 'ramon sosa'),
('p-761-140647', 'sosa'),
('p-761-168949', 'julio enciso'),
('p-761-168949', 'enciso'),
('p-761-191772', 'gustavo caballero'),
('p-761-191772', 'caballero'),
('p-761-250206', 'alex arce'),
('p-761-250206', 'arce');

-- ==================== TEAM: PORTUGAL ====================
INSERT INTO players (id, team_id, official_name, position, shirt_number, club_at_time, image_url, in_starting_eleven) VALUES
('p-765-15899', 'portugal-2026', 'José Sá', 'Goleiro', 1, NULL, NULL, TRUE),
('p-765-32014', 'portugal-2026', 'Rui Silva', 'Goleiro', 2, NULL, NULL, FALSE),
('p-765-37362', 'portugal-2026', 'Diogo Costa', 'Goleiro', 3, NULL, NULL, FALSE),
('p-765-2000', 'portugal-2026', 'João Cancelo', 'Zagueiro', 4, NULL, NULL, TRUE),
('p-765-10183', 'portugal-2026', 'Rúben Dias', 'Zagueiro', 5, NULL, NULL, TRUE),
('p-765-15862', 'portugal-2026', 'Nélson Semedo', 'Zagueiro', 6, NULL, NULL, TRUE),
('p-765-15905', 'portugal-2026', 'Diogo Dalot', 'Zagueiro', 7, NULL, NULL, TRUE),
('p-765-91512', 'portugal-2026', 'Matheus Nunes', 'Zagueiro', 8, NULL, NULL, FALSE),
('p-765-144570', 'portugal-2026', 'Nuno Mendes', 'Zagueiro', 9, NULL, NULL, FALSE),
('p-765-145357', 'portugal-2026', 'Gonçalo Inácio', 'Zagueiro', 10, NULL, NULL, FALSE),
('p-765-177842', 'portugal-2026', 'Tomas Araujo', 'Zagueiro', 11, NULL, NULL, FALSE),
('p-765-178769', 'portugal-2026', 'Renato Veiga', 'Zagueiro', 12, NULL, NULL, FALSE),
('p-765-3254', 'portugal-2026', 'Bernardo Silva', 'Meia', 13, NULL, NULL, TRUE),
('p-765-3255', 'portugal-2026', 'Rúben Neves', 'Meia', 14, NULL, NULL, TRUE),
('p-765-3257', 'portugal-2026', 'Bruno Fernandes', 'Meia', 15, NULL, NULL, TRUE),
('p-765-3259', 'portugal-2026', 'Gonçalo Guedes', 'Meia', 16, NULL, NULL, FALSE),
('p-765-140814', 'portugal-2026', 'Samuel Almeida Costa', 'Meia', 17, NULL, NULL, FALSE),
('p-765-178722', 'portugal-2026', 'Vitinha', 'Meia', 18, NULL, NULL, FALSE),
('p-765-190877', 'portugal-2026', 'Joao Neves', 'Meia', 19, NULL, NULL, FALSE),
('p-765-44', 'portugal-2026', 'Cristiano Ronaldo', 'Atacante', 20, NULL, NULL, TRUE),
('p-765-2074', 'portugal-2026', 'Pedro Neto', 'Atacante', 21, NULL, NULL, TRUE),
('p-765-15892', 'portugal-2026', 'Rafael Leão', 'Atacante', 22, NULL, NULL, TRUE),
('p-765-37332', 'portugal-2026', 'Trincão', 'Atacante', 23, NULL, NULL, FALSE),
('p-765-39265', 'portugal-2026', 'João Félix', 'Atacante', 24, NULL, NULL, FALSE),
('p-765-101431', 'portugal-2026', 'Gonçalo Ramos', 'Atacante', 25, NULL, NULL, FALSE),
('p-765-150791', 'portugal-2026', 'Francisco Conceição', 'Atacante', 26, NULL, NULL, FALSE)
ON CONFLICT (id) DO NOTHING;

INSERT INTO player_aliases (player_id, alias) VALUES
('p-765-15899', 'jose sa'),
('p-765-32014', 'rui silva'),
('p-765-32014', 'silva'),
('p-765-37362', 'diogo costa'),
('p-765-37362', 'costa'),
('p-765-2000', 'joao cancelo'),
('p-765-2000', 'cancelo'),
('p-765-10183', 'ruben dias'),
('p-765-10183', 'dias'),
('p-765-15862', 'nelson semedo'),
('p-765-15862', 'semedo'),
('p-765-15905', 'diogo dalot'),
('p-765-15905', 'dalot'),
('p-765-91512', 'matheus nunes'),
('p-765-91512', 'nunes'),
('p-765-144570', 'nuno mendes'),
('p-765-144570', 'mendes'),
('p-765-145357', 'goncalo inacio'),
('p-765-145357', 'inacio'),
('p-765-177842', 'tomas araujo'),
('p-765-177842', 'araujo'),
('p-765-178769', 'renato veiga'),
('p-765-178769', 'veiga'),
('p-765-3254', 'bernardo silva'),
('p-765-3254', 'silva'),
('p-765-3255', 'ruben neves'),
('p-765-3255', 'neves'),
('p-765-3257', 'bruno fernandes'),
('p-765-3257', 'fernandes'),
('p-765-3259', 'goncalo guedes'),
('p-765-3259', 'guedes'),
('p-765-140814', 'samuel almeida costa'),
('p-765-140814', 'costa'),
('p-765-178722', 'vitinha'),
('p-765-190877', 'joao neves'),
('p-765-190877', 'neves'),
('p-765-44', 'cristiano ronaldo'),
('p-765-44', 'ronaldo'),
('p-765-2074', 'pedro neto'),
('p-765-2074', 'neto'),
('p-765-15892', 'rafael leao'),
('p-765-15892', 'leao'),
('p-765-37332', 'trincao'),
('p-765-39265', 'joao felix'),
('p-765-39265', 'felix'),
('p-765-101431', 'goncalo ramos'),
('p-765-101431', 'ramos'),
('p-765-150791', 'francisco conceicao'),
('p-765-150791', 'conceicao');

-- ==================== TEAM: QATAR ====================
INSERT INTO players (id, team_id, official_name, position, shirt_number, club_at_time, image_url, in_starting_eleven) VALUES
('p-8030-103173', 'qatar-2026', 'Salah Zakaria', 'Goleiro', 1, NULL, NULL, TRUE),
('p-8030-129104', 'qatar-2026', 'Meshaal Barsham', 'Goleiro', 2, NULL, NULL, FALSE),
('p-8030-156781', 'qatar-2026', 'Mahmoud Abunada', 'Goleiro', 3, NULL, NULL, FALSE),
('p-8030-115828', 'qatar-2026', 'Boualem Khoukhi', 'Zagueiro', 4, NULL, NULL, TRUE),
('p-8030-189707', 'qatar-2026', 'Jassem Gaber Abdulsallam', 'Zagueiro', 5, NULL, NULL, TRUE),
('p-8030-189725', 'qatar-2026', 'Homam Ahmed', 'Zagueiro', 6, NULL, NULL, TRUE),
('p-8030-189969', 'qatar-2026', 'Ró-Ró', 'Zagueiro', 7, NULL, NULL, TRUE),
('p-8030-194260', 'qatar-2026', 'Lucas Mendes', 'Zagueiro', 8, NULL, NULL, FALSE),
('p-8030-249804', 'qatar-2026', 'Sultan Al Brake', 'Zagueiro', 9, NULL, NULL, FALSE),
('p-8030-253305', 'qatar-2026', 'Hashemi Al Hussain', 'Zagueiro', 10, NULL, NULL, FALSE),
('p-8030-295191', 'qatar-2026', 'Issa Laye', 'Zagueiro', 11, NULL, NULL, FALSE),
('p-8030-295196', 'qatar-2026', 'Ayoub Al-Oui', 'Zagueiro', 12, NULL, NULL, FALSE),
('p-8030-57667', 'qatar-2026', 'Assim Madibo', 'Meia', 13, NULL, NULL, TRUE),
('p-8030-115827', 'qatar-2026', 'Abdulaziz Hatem', 'Meia', 14, NULL, NULL, TRUE),
('p-8030-115829', 'qatar-2026', 'Karim Boudiaf', 'Meia', 15, NULL, NULL, TRUE),
('p-8030-115832', 'qatar-2026', 'Ahmed Fathy', 'Meia', 16, NULL, NULL, FALSE),
('p-8030-129107', 'qatar-2026', 'Yusuf Abdurisag', 'Meia', 17, NULL, NULL, FALSE),
('p-8030-249923', 'qatar-2026', 'Ahmed Al Ganehi', 'Meia', 18, NULL, NULL, FALSE),
('p-8030-253301', 'qatar-2026', 'Tahsin Jamshid', 'Meia', 19, NULL, NULL, FALSE),
('p-8030-295195', 'qatar-2026', 'Mohamed Al-Mannai', 'Meia', 20, NULL, NULL, FALSE),
('p-8030-57652', 'qatar-2026', 'Akram Afif', 'Atacante', 21, NULL, NULL, TRUE),
('p-8030-115837', 'qatar-2026', 'Almoez Ali', 'Atacante', 22, NULL, NULL, TRUE),
('p-8030-135684', 'qatar-2026', 'Mohammed Muntari', 'Atacante', 23, NULL, NULL, TRUE),
('p-8030-189973', 'qatar-2026', 'Hassan Al Haydos', 'Atacante', 24, NULL, NULL, FALSE),
('p-8030-189976', 'qatar-2026', 'Ahmed Alaa Eldin', 'Atacante', 25, NULL, NULL, FALSE),
('p-8030-255986', 'qatar-2026', 'Edmílson', 'Atacante', 26, NULL, NULL, FALSE)
ON CONFLICT (id) DO NOTHING;

INSERT INTO player_aliases (player_id, alias) VALUES
('p-8030-103173', 'salah zakaria'),
('p-8030-103173', 'zakaria'),
('p-8030-129104', 'meshaal barsham'),
('p-8030-129104', 'barsham'),
('p-8030-156781', 'mahmoud abunada'),
('p-8030-156781', 'abunada'),
('p-8030-115828', 'boualem khoukhi'),
('p-8030-115828', 'khoukhi'),
('p-8030-189707', 'jassem gaber abdulsallam'),
('p-8030-189707', 'abdulsallam'),
('p-8030-189725', 'homam ahmed'),
('p-8030-189725', 'ahmed'),
('p-8030-189969', 'ro-ro'),
('p-8030-194260', 'lucas mendes'),
('p-8030-194260', 'mendes'),
('p-8030-249804', 'sultan al brake'),
('p-8030-249804', 'brake'),
('p-8030-253305', 'hashemi al hussain'),
('p-8030-253305', 'hussain'),
('p-8030-295191', 'issa laye'),
('p-8030-295191', 'laye'),
('p-8030-295196', 'ayoub al-oui'),
('p-8030-295196', 'al-oui'),
('p-8030-57667', 'assim madibo'),
('p-8030-57667', 'madibo'),
('p-8030-115827', 'abdulaziz hatem'),
('p-8030-115827', 'hatem'),
('p-8030-115829', 'karim boudiaf'),
('p-8030-115829', 'boudiaf'),
('p-8030-115832', 'ahmed fathy'),
('p-8030-115832', 'fathy'),
('p-8030-129107', 'yusuf abdurisag'),
('p-8030-129107', 'abdurisag'),
('p-8030-249923', 'ahmed al ganehi'),
('p-8030-249923', 'ganehi'),
('p-8030-253301', 'tahsin jamshid'),
('p-8030-253301', 'jamshid'),
('p-8030-295195', 'mohamed al-mannai'),
('p-8030-295195', 'al-mannai'),
('p-8030-57652', 'akram afif'),
('p-8030-57652', 'afif'),
('p-8030-115837', 'almoez ali'),
('p-8030-115837', 'ali'),
('p-8030-135684', 'mohammed muntari'),
('p-8030-135684', 'muntari'),
('p-8030-189973', 'hassan al haydos'),
('p-8030-189973', 'haydos'),
('p-8030-189976', 'ahmed alaa eldin'),
('p-8030-189976', 'eldin'),
('p-8030-255986', 'edmilson');

-- ==================== TEAM: SAUDI ARABIA ====================
INSERT INTO players (id, team_id, official_name, position, shirt_number, club_at_time, image_url, in_starting_eleven) VALUES
('p-801-3561', 'saudi-arabia-2026', 'Mohammed Al Owais', 'Goleiro', 1, NULL, NULL, TRUE),
('p-801-233580', 'saudi-arabia-2026', 'Nawaf Al Aqidi', 'Goleiro', 2, NULL, NULL, FALSE),
('p-801-249787', 'saudi-arabia-2026', 'Ahmed Al Kassar', 'Goleiro', 3, NULL, NULL, FALSE),
('p-801-103094', 'saudi-arabia-2026', 'Abdulelah Al Amri', 'Zagueiro', 4, NULL, NULL, TRUE),
('p-801-129098', 'saudi-arabia-2026', 'Saud Abdulhamid', 'Zagueiro', 5, NULL, NULL, TRUE),
('p-801-132018', 'saudi-arabia-2026', 'Ali Lajami', 'Zagueiro', 6, NULL, NULL, TRUE),
('p-801-244368', 'saudi-arabia-2026', 'Hassan Al Tambakti', 'Zagueiro', 7, NULL, NULL, TRUE),
('p-801-244552', 'saudi-arabia-2026', 'Hassan Kadesh', 'Zagueiro', 8, NULL, NULL, FALSE),
('p-801-253246', 'saudi-arabia-2026', 'Moteb Al Harbi', 'Zagueiro', 9, NULL, NULL, FALSE),
('p-801-295325', 'saudi-arabia-2026', 'Ali Majrashi', 'Zagueiro', 10, NULL, NULL, FALSE),
('p-801-295850', 'saudi-arabia-2026', 'Jehad Thakri', 'Zagueiro', 11, NULL, NULL, FALSE),
('p-801-295852', 'saudi-arabia-2026', 'Nawaf Boushal', 'Zagueiro', 12, NULL, NULL, FALSE),
('p-801-3574', 'saudi-arabia-2026', 'Salem Al Dawsari', 'Meia', 13, NULL, NULL, TRUE),
('p-801-3583', 'saudi-arabia-2026', 'Abdullah Al Khaibari', 'Meia', 14, NULL, NULL, TRUE),
('p-801-166119', 'saudi-arabia-2026', 'Nasser Al Dawsari', 'Meia', 15, NULL, NULL, TRUE),
('p-801-189703', 'saudi-arabia-2026', 'Ayman Yahya', 'Meia', 16, NULL, NULL, FALSE),
('p-801-248781', 'saudi-arabia-2026', 'Musab Al Juwayr', 'Meia', 17, NULL, NULL, FALSE),
('p-801-248783', 'saudi-arabia-2026', 'Mohammed Kanno', 'Meia', 18, NULL, NULL, FALSE),
('p-801-295324', 'saudi-arabia-2026', 'Ziyad Al-Johani', 'Meia', 19, NULL, NULL, FALSE),
('p-801-295849', 'saudi-arabia-2026', 'Mohammed Abu Al Shamat', 'Meia', 20, NULL, NULL, FALSE),
('p-801-295851', 'saudi-arabia-2026', 'Alaa Al Hejji', 'Meia', 21, NULL, NULL, FALSE),
('p-801-114373', 'saudi-arabia-2026', 'Sultan Mandash', 'Atacante', 22, NULL, NULL, TRUE),
('p-801-166114', 'saudi-arabia-2026', 'Saleh Al Shehri', 'Atacante', 23, NULL, NULL, TRUE),
('p-801-189799', 'saudi-arabia-2026', 'Abdullah Al-Hamdan', 'Atacante', 24, NULL, NULL, TRUE),
('p-801-244411', 'saudi-arabia-2026', 'Khalid Al Ghannam', 'Atacante', 25, NULL, NULL, FALSE),
('p-801-249786', 'saudi-arabia-2026', 'Firas Al Brikan', 'Atacante', 26, NULL, NULL, FALSE)
ON CONFLICT (id) DO NOTHING;

INSERT INTO player_aliases (player_id, alias) VALUES
('p-801-3561', 'mohammed al owais'),
('p-801-3561', 'owais'),
('p-801-233580', 'nawaf al aqidi'),
('p-801-233580', 'aqidi'),
('p-801-249787', 'ahmed al kassar'),
('p-801-249787', 'kassar'),
('p-801-103094', 'abdulelah al amri'),
('p-801-103094', 'amri'),
('p-801-129098', 'saud abdulhamid'),
('p-801-129098', 'abdulhamid'),
('p-801-132018', 'ali lajami'),
('p-801-132018', 'lajami'),
('p-801-244368', 'hassan al tambakti'),
('p-801-244368', 'tambakti'),
('p-801-244552', 'hassan kadesh'),
('p-801-244552', 'kadesh'),
('p-801-253246', 'moteb al harbi'),
('p-801-253246', 'harbi'),
('p-801-295325', 'ali majrashi'),
('p-801-295325', 'majrashi'),
('p-801-295850', 'jehad thakri'),
('p-801-295850', 'thakri'),
('p-801-295852', 'nawaf boushal'),
('p-801-295852', 'boushal'),
('p-801-3574', 'salem al dawsari'),
('p-801-3574', 'dawsari'),
('p-801-3583', 'abdullah al khaibari'),
('p-801-3583', 'khaibari'),
('p-801-166119', 'nasser al dawsari'),
('p-801-166119', 'dawsari'),
('p-801-189703', 'ayman yahya'),
('p-801-189703', 'yahya'),
('p-801-248781', 'musab al juwayr'),
('p-801-248781', 'juwayr'),
('p-801-248783', 'mohammed kanno'),
('p-801-248783', 'kanno'),
('p-801-295324', 'ziyad al-johani'),
('p-801-295324', 'al-johani'),
('p-801-295849', 'mohammed abu al shamat'),
('p-801-295849', 'shamat'),
('p-801-295851', 'alaa al hejji'),
('p-801-295851', 'hejji'),
('p-801-114373', 'sultan mandash'),
('p-801-114373', 'mandash'),
('p-801-166114', 'saleh al shehri'),
('p-801-166114', 'shehri'),
('p-801-189799', 'abdullah al-hamdan'),
('p-801-189799', 'al-hamdan'),
('p-801-244411', 'khalid al ghannam'),
('p-801-244411', 'ghannam'),
('p-801-249786', 'firas al brikan'),
('p-801-249786', 'brikan');

-- ==================== TEAM: SCOTLAND ====================
INSERT INTO players (id, team_id, official_name, position, shirt_number, club_at_time, image_url, in_starting_eleven) VALUES
('p-8873-3981', 'scotland-2026', 'Angus Gunn', 'Goleiro', 1, NULL, NULL, TRUE),
('p-8873-15607', 'scotland-2026', 'Craig Gordon', 'Goleiro', 2, NULL, NULL, FALSE),
('p-8873-34960', 'scotland-2026', 'Liam Kelly', 'Goleiro', 3, NULL, NULL, FALSE),
('p-8873-3986', 'scotland-2026', 'Grant Hanley', 'Zagueiro', 4, NULL, NULL, TRUE),
('p-8873-5769', 'scotland-2026', 'Dominic Hyam', 'Zagueiro', 5, NULL, NULL, TRUE),
('p-8873-7868', 'scotland-2026', 'Andrew Robertson', 'Zagueiro', 6, NULL, NULL, TRUE),
('p-8873-15615', 'scotland-2026', 'Kieran Tierney', 'Zagueiro', 7, NULL, NULL, TRUE),
('p-8873-16070', 'scotland-2026', 'Jack Hendry', 'Zagueiro', 8, NULL, NULL, FALSE),
('p-8873-34411', 'scotland-2026', 'Anthony Ralston', 'Zagueiro', 9, NULL, NULL, FALSE),
('p-8873-34429', 'scotland-2026', 'John Souttar', 'Zagueiro', 10, NULL, NULL, FALSE),
('p-8873-34486', 'scotland-2026', 'Scott McKenna', 'Zagueiro', 11, NULL, NULL, FALSE),
('p-8873-101111', 'scotland-2026', 'Aaron Hickey', 'Zagueiro', 12, NULL, NULL, FALSE),
('p-8873-138174', 'scotland-2026', 'Nathan Patterson', 'Zagueiro', 13, NULL, NULL, FALSE),
('p-8873-7905', 'scotland-2026', 'Scott McTominay', 'Meia', 14, NULL, NULL, TRUE),
('p-8873-34494', 'scotland-2026', 'Kenny McLean', 'Meia', 15, NULL, NULL, TRUE),
('p-8873-34495', 'scotland-2026', 'Ryan Christie', 'Meia', 16, NULL, NULL, TRUE),
('p-8873-34638', 'scotland-2026', 'Lewis Ferguson', 'Meia', 17, NULL, NULL, FALSE),
('p-8873-34646', 'scotland-2026', 'John McGinn', 'Meia', 18, NULL, NULL, FALSE),
('p-8873-270697', 'scotland-2026', 'Findlay Curtis', 'Meia', 19, NULL, NULL, FALSE),
('p-8873-290139', 'scotland-2026', 'Tyler Fletcher', 'Meia', 20, NULL, NULL, FALSE),
('p-8873-4119', 'scotland-2026', 'Che Adams', 'Atacante', 21, NULL, NULL, TRUE),
('p-8873-25606', 'scotland-2026', 'George Hirst', 'Atacante', 22, NULL, NULL, TRUE),
('p-8873-35101', 'scotland-2026', 'Ross Stewart', 'Atacante', 23, NULL, NULL, TRUE),
('p-8873-35126', 'scotland-2026', 'Lyndon Dykes', 'Atacante', 24, NULL, NULL, FALSE),
('p-8873-52043', 'scotland-2026', 'Lawrence Shankland', 'Atacante', 25, NULL, NULL, FALSE),
('p-8873-176789', 'scotland-2026', 'Ben Doak', 'Atacante', 26, NULL, NULL, FALSE)
ON CONFLICT (id) DO NOTHING;

INSERT INTO player_aliases (player_id, alias) VALUES
('p-8873-3981', 'angus gunn'),
('p-8873-3981', 'gunn'),
('p-8873-15607', 'craig gordon'),
('p-8873-15607', 'gordon'),
('p-8873-34960', 'liam kelly'),
('p-8873-34960', 'kelly'),
('p-8873-3986', 'grant hanley'),
('p-8873-3986', 'hanley'),
('p-8873-5769', 'dominic hyam'),
('p-8873-5769', 'hyam'),
('p-8873-7868', 'andrew robertson'),
('p-8873-7868', 'robertson'),
('p-8873-15615', 'kieran tierney'),
('p-8873-15615', 'tierney'),
('p-8873-16070', 'jack hendry'),
('p-8873-16070', 'hendry'),
('p-8873-34411', 'anthony ralston'),
('p-8873-34411', 'ralston'),
('p-8873-34429', 'john souttar'),
('p-8873-34429', 'souttar'),
('p-8873-34486', 'scott mckenna'),
('p-8873-34486', 'mckenna'),
('p-8873-101111', 'aaron hickey'),
('p-8873-101111', 'hickey'),
('p-8873-138174', 'nathan patterson'),
('p-8873-138174', 'patterson'),
('p-8873-7905', 'scott mctominay'),
('p-8873-7905', 'mctominay'),
('p-8873-34494', 'kenny mclean'),
('p-8873-34494', 'mclean'),
('p-8873-34495', 'ryan christie'),
('p-8873-34495', 'christie'),
('p-8873-34638', 'lewis ferguson'),
('p-8873-34638', 'ferguson'),
('p-8873-34646', 'john mcginn'),
('p-8873-34646', 'mcginn'),
('p-8873-270697', 'findlay curtis'),
('p-8873-270697', 'curtis'),
('p-8873-290139', 'tyler fletcher'),
('p-8873-290139', 'fletcher'),
('p-8873-4119', 'che adams'),
('p-8873-4119', 'adams'),
('p-8873-25606', 'george hirst'),
('p-8873-25606', 'hirst'),
('p-8873-35101', 'ross stewart'),
('p-8873-35101', 'stewart'),
('p-8873-35126', 'lyndon dykes'),
('p-8873-35126', 'dykes'),
('p-8873-52043', 'lawrence shankland'),
('p-8873-52043', 'shankland'),
('p-8873-176789', 'ben doak'),
('p-8873-176789', 'doak');

-- ==================== TEAM: SENEGAL ====================
INSERT INTO players (id, team_id, official_name, position, shirt_number, club_at_time, image_url, in_starting_eleven) VALUES
('p-804-805', 'senegal-2026', 'Edouard Mendy', 'Goleiro', 1, NULL, NULL, TRUE),
('p-804-8608', 'senegal-2026', 'Yehvann Diouf', 'Goleiro', 2, NULL, NULL, FALSE),
('p-804-20931', 'senegal-2026', 'Mory Diaw', 'Goleiro', 3, NULL, NULL, FALSE),
('p-804-194', 'senegal-2026', 'Ismail Jakobs', 'Zagueiro', 4, NULL, NULL, TRUE),
('p-804-2086', 'senegal-2026', 'Kalidou Koulibaly', 'Zagueiro', 5, NULL, NULL, TRUE),
('p-804-8723', 'senegal-2026', 'Moussa Niakhaté', 'Zagueiro', 6, NULL, NULL, TRUE),
('p-804-38154', 'senegal-2026', 'Abdoulaye Seck', 'Zagueiro', 7, NULL, NULL, TRUE),
('p-804-168667', 'senegal-2026', 'Antoine Mendy', 'Zagueiro', 8, NULL, NULL, FALSE),
('p-804-190866', 'senegal-2026', 'Mamadou Sarr', 'Zagueiro', 9, NULL, NULL, FALSE),
('p-804-205441', 'senegal-2026', 'El Hadji Diouf', 'Zagueiro', 10, NULL, NULL, FALSE),
('p-804-633', 'senegal-2026', 'Pape Gueye', 'Meia', 11, NULL, NULL, TRUE),
('p-804-3627', 'senegal-2026', 'Idrissa Gana Guèye', 'Meia', 12, NULL, NULL, TRUE),
('p-804-8887', 'senegal-2026', 'Krépin Diatta', 'Meia', 13, NULL, NULL, TRUE),
('p-804-37649', 'senegal-2026', 'Pathé Ciss', 'Meia', 14, NULL, NULL, FALSE),
('p-804-170391', 'senegal-2026', 'Pape Sarr', 'Meia', 15, NULL, NULL, FALSE),
('p-804-171876', 'senegal-2026', 'Habib Diarra', 'Meia', 16, NULL, NULL, FALSE),
('p-804-204269', 'senegal-2026', 'Lamine Camara', 'Meia', 17, NULL, NULL, FALSE),
('p-804-290450', 'senegal-2026', 'Bara Ndiaye', 'Meia', 18, NULL, NULL, FALSE),
('p-804-3626', 'senegal-2026', 'Sadio Mané', 'Atacante', 19, NULL, NULL, TRUE),
('p-804-3638', 'senegal-2026', 'Ismaïla Sarr', 'Atacante', 20, NULL, NULL, TRUE),
('p-804-9148', 'senegal-2026', 'Cherif Ndiaye', 'Atacante', 21, NULL, NULL, TRUE),
('p-804-94091', 'senegal-2026', 'Iliman Ndiaye', 'Atacante', 22, NULL, NULL, FALSE),
('p-804-152515', 'senegal-2026', 'Nicolas Jackson', 'Atacante', 23, NULL, NULL, FALSE),
('p-804-166640', 'senegal-2026', 'Ahmadou Bamba Dieng', 'Atacante', 24, NULL, NULL, FALSE),
('p-804-218474', 'senegal-2026', 'Assane Diao', 'Atacante', 25, NULL, NULL, FALSE),
('p-804-265040', 'senegal-2026', 'Ibrahim M''Baye', 'Atacante', 26, NULL, NULL, FALSE),
('p-804-252052', 'senegal-2026', 'Pape Thiaw', 'Meia', 27, NULL, NULL, FALSE)
ON CONFLICT (id) DO NOTHING;

INSERT INTO player_aliases (player_id, alias) VALUES
('p-804-805', 'edouard mendy'),
('p-804-805', 'mendy'),
('p-804-8608', 'yehvann diouf'),
('p-804-8608', 'diouf'),
('p-804-20931', 'mory diaw'),
('p-804-20931', 'diaw'),
('p-804-194', 'ismail jakobs'),
('p-804-194', 'jakobs'),
('p-804-2086', 'kalidou koulibaly'),
('p-804-2086', 'koulibaly'),
('p-804-8723', 'moussa niakhate'),
('p-804-8723', 'niakhate'),
('p-804-38154', 'abdoulaye seck'),
('p-804-38154', 'seck'),
('p-804-168667', 'antoine mendy'),
('p-804-168667', 'mendy'),
('p-804-190866', 'mamadou sarr'),
('p-804-190866', 'sarr'),
('p-804-205441', 'el hadji diouf'),
('p-804-205441', 'diouf'),
('p-804-633', 'pape gueye'),
('p-804-633', 'gueye'),
('p-804-3627', 'idrissa gana gueye'),
('p-804-3627', 'gueye'),
('p-804-8887', 'krepin diatta'),
('p-804-8887', 'diatta'),
('p-804-37649', 'pathe ciss'),
('p-804-37649', 'ciss'),
('p-804-170391', 'pape sarr'),
('p-804-170391', 'sarr'),
('p-804-171876', 'habib diarra'),
('p-804-171876', 'diarra'),
('p-804-204269', 'lamine camara'),
('p-804-204269', 'camara'),
('p-804-290450', 'bara ndiaye'),
('p-804-290450', 'ndiaye'),
('p-804-3626', 'sadio mane'),
('p-804-3626', 'mane'),
('p-804-3638', 'ismaila sarr'),
('p-804-3638', 'sarr'),
('p-804-9148', 'cherif ndiaye'),
('p-804-9148', 'ndiaye'),
('p-804-94091', 'iliman ndiaye'),
('p-804-94091', 'ndiaye'),
('p-804-152515', 'nicolas jackson'),
('p-804-152515', 'jackson'),
('p-804-166640', 'ahmadou bamba dieng'),
('p-804-166640', 'dieng'),
('p-804-218474', 'assane diao'),
('p-804-218474', 'diao'),
('p-804-265040', 'ibrahim m''baye'),
('p-804-265040', 'm''baye'),
('p-804-252052', 'pape thiaw'),
('p-804-252052', 'thiaw');

-- ==================== TEAM: SOUTH AFRICA ====================
INSERT INTO players (id, team_id, official_name, position, shirt_number, club_at_time, image_url, in_starting_eleven) VALUES
('p-774-33986', 'south-africa-2026', 'Ronwen Williams', 'Goleiro', 1, NULL, NULL, TRUE),
('p-774-34123', 'south-africa-2026', 'Sipho Chaine', 'Goleiro', 2, NULL, NULL, FALSE),
('p-774-34456', 'south-africa-2026', 'Ricardo Goss', 'Goleiro', 3, NULL, NULL, FALSE),
('p-774-33994', 'south-africa-2026', 'Aubrey Modiba', 'Zagueiro', 4, NULL, NULL, TRUE),
('p-774-34481', 'south-africa-2026', 'Nkosinathi Sibisi', 'Zagueiro', 5, NULL, NULL, TRUE),
('p-774-74101', 'south-africa-2026', 'Khuliso Mudau', 'Zagueiro', 6, NULL, NULL, TRUE),
('p-774-217832', 'south-africa-2026', 'Olwethu Makhanya', 'Zagueiro', 7, NULL, NULL, TRUE),
('p-774-245836', 'south-africa-2026', 'Bradley Cross', 'Zagueiro', 8, NULL, NULL, FALSE),
('p-774-277223', 'south-africa-2026', 'Samukelo Kabini', 'Zagueiro', 9, NULL, NULL, FALSE),
('p-774-279850', 'south-africa-2026', 'Ime Okon', 'Zagueiro', 10, NULL, NULL, FALSE),
('p-774-285992', 'south-africa-2026', 'Mbekezeli Mbokazi', 'Zagueiro', 11, NULL, NULL, FALSE),
('p-774-286005', 'south-africa-2026', 'Khulumani Ndamane', 'Zagueiro', 12, NULL, NULL, FALSE),
('p-774-287754', 'south-africa-2026', 'Tholo Matuludi', 'Zagueiro', 13, NULL, NULL, FALSE),
('p-774-33954', 'south-africa-2026', 'Themba Zwane', 'Meia', 14, NULL, NULL, TRUE),
('p-774-34012', 'south-africa-2026', 'Teboho Mokoena', 'Meia', 15, NULL, NULL, TRUE),
('p-774-133788', 'south-africa-2026', 'Sphephelo Sithole', 'Meia', 16, NULL, NULL, TRUE),
('p-774-147928', 'south-africa-2026', 'Jayden Adams', 'Meia', 17, NULL, NULL, FALSE),
('p-774-245495', 'south-africa-2026', 'Thapelo Maseko', 'Meia', 18, NULL, NULL, FALSE),
('p-774-277299', 'south-africa-2026', 'Thalente Mbatha', 'Meia', 19, NULL, NULL, FALSE),
('p-774-286003', 'south-africa-2026', 'Kamogelo Sebelebele', 'Meia', 20, NULL, NULL, FALSE),
('p-774-34760', 'south-africa-2026', 'Lyle Foster', 'Atacante', 21, NULL, NULL, TRUE),
('p-774-118915', 'south-africa-2026', 'Oswin Appollis', 'Atacante', 22, NULL, NULL, TRUE),
('p-774-124636', 'south-africa-2026', 'Iqraam Rayners', 'Atacante', 23, NULL, NULL, TRUE),
('p-774-245511', 'south-africa-2026', 'Evidence Makgopa', 'Atacante', 24, NULL, NULL, FALSE),
('p-774-270771', 'south-africa-2026', 'Relebohile Mofokeng', 'Atacante', 25, NULL, NULL, FALSE),
('p-774-287753', 'south-africa-2026', 'Tshepang Moremi', 'Atacante', 26, NULL, NULL, FALSE)
ON CONFLICT (id) DO NOTHING;

INSERT INTO player_aliases (player_id, alias) VALUES
('p-774-33986', 'ronwen williams'),
('p-774-33986', 'williams'),
('p-774-34123', 'sipho chaine'),
('p-774-34123', 'chaine'),
('p-774-34456', 'ricardo goss'),
('p-774-34456', 'goss'),
('p-774-33994', 'aubrey modiba'),
('p-774-33994', 'modiba'),
('p-774-34481', 'nkosinathi sibisi'),
('p-774-34481', 'sibisi'),
('p-774-74101', 'khuliso mudau'),
('p-774-74101', 'mudau'),
('p-774-217832', 'olwethu makhanya'),
('p-774-217832', 'makhanya'),
('p-774-245836', 'bradley cross'),
('p-774-245836', 'cross'),
('p-774-277223', 'samukelo kabini'),
('p-774-277223', 'kabini'),
('p-774-279850', 'ime okon'),
('p-774-279850', 'okon'),
('p-774-285992', 'mbekezeli mbokazi'),
('p-774-285992', 'mbokazi'),
('p-774-286005', 'khulumani ndamane'),
('p-774-286005', 'ndamane'),
('p-774-287754', 'tholo matuludi'),
('p-774-287754', 'matuludi'),
('p-774-33954', 'themba zwane'),
('p-774-33954', 'zwane'),
('p-774-34012', 'teboho mokoena'),
('p-774-34012', 'mokoena'),
('p-774-133788', 'sphephelo sithole'),
('p-774-133788', 'sithole'),
('p-774-147928', 'jayden adams'),
('p-774-147928', 'adams'),
('p-774-245495', 'thapelo maseko'),
('p-774-245495', 'maseko'),
('p-774-277299', 'thalente mbatha'),
('p-774-277299', 'mbatha'),
('p-774-286003', 'kamogelo sebelebele'),
('p-774-286003', 'sebelebele'),
('p-774-34760', 'lyle foster'),
('p-774-34760', 'foster'),
('p-774-118915', 'oswin appollis'),
('p-774-118915', 'appollis'),
('p-774-124636', 'iqraam rayners'),
('p-774-124636', 'rayners'),
('p-774-245511', 'evidence makgopa'),
('p-774-245511', 'makgopa'),
('p-774-270771', 'relebohile mofokeng'),
('p-774-270771', 'mofokeng'),
('p-774-287753', 'tshepang moremi'),
('p-774-287753', 'moremi');

-- ==================== TEAM: SOUTH KOREA ====================
INSERT INTO players (id, team_id, official_name, position, shirt_number, club_at_time, image_url, in_starting_eleven) VALUES
('p-772-166683', 'south-korea-2026', 'Seung-Gyu Kim', 'Goleiro', 1, NULL, NULL, TRUE),
('p-772-189673', 'south-korea-2026', 'Bum-keun Song', 'Goleiro', 2, NULL, NULL, FALSE),
('p-772-189775', 'south-korea-2026', 'Hyeon-woo Jo', 'Goleiro', 3, NULL, NULL, FALSE),
('p-772-168299', 'south-korea-2026', 'Min-Jae Kim', 'Zagueiro', 4, NULL, NULL, TRUE),
('p-772-171221', 'south-korea-2026', 'Moon-hwan Kim', 'Zagueiro', 5, NULL, NULL, TRUE),
('p-772-217715', 'south-korea-2026', 'Han-bum Lee', 'Zagueiro', 6, NULL, NULL, TRUE),
('p-772-243858', 'south-korea-2026', 'Young-woo Seol', 'Zagueiro', 7, NULL, NULL, TRUE),
('p-772-244407', 'south-korea-2026', 'Jin-seob Park', 'Zagueiro', 8, NULL, NULL, FALSE),
('p-772-246906', 'south-korea-2026', 'Tae-hyeon Kim', 'Zagueiro', 9, NULL, NULL, FALSE),
('p-772-254209', 'south-korea-2026', 'Gi-hyuk Lee', 'Zagueiro', 10, NULL, NULL, FALSE),
('p-772-282051', 'south-korea-2026', 'Tae-seok Lee', 'Zagueiro', 11, NULL, NULL, FALSE),
('p-772-295846', 'south-korea-2026', 'Cho Wi-Je', 'Zagueiro', 12, NULL, NULL, FALSE),
('p-772-151888', 'south-korea-2026', 'Jens Castrop', 'Meia', 13, NULL, NULL, TRUE),
('p-772-170561', 'south-korea-2026', 'In-beom Hwang', 'Meia', 14, NULL, NULL, TRUE),
('p-772-177318', 'south-korea-2026', 'Dong-gyeong Lee', 'Meia', 15, NULL, NULL, TRUE),
('p-772-179889', 'south-korea-2026', 'Jae-sung Lee', 'Meia', 16, NULL, NULL, FALSE),
('p-772-189741', 'south-korea-2026', 'Jin-Gyu Kim', 'Meia', 17, NULL, NULL, FALSE),
('p-772-189752', 'south-korea-2026', 'Seung-Ho Paik', 'Meia', 18, NULL, NULL, FALSE),
('p-772-213217', 'south-korea-2026', 'Kang-in Lee', 'Meia', 19, NULL, NULL, FALSE),
('p-772-217655', 'south-korea-2026', 'Joon-ho Bae', 'Meia', 20, NULL, NULL, FALSE),
('p-772-3354', 'south-korea-2026', 'Hwang Heechan', 'Atacante', 21, NULL, NULL, TRUE),
('p-772-170281', 'south-korea-2026', 'Heung-min Son', 'Atacante', 22, NULL, NULL, TRUE),
('p-772-189665', 'south-korea-2026', 'Hyun-jun Yang', 'Atacante', 23, NULL, NULL, TRUE),
('p-772-189762', 'south-korea-2026', 'Gue-Sung Cho', 'Atacante', 24, NULL, NULL, FALSE),
('p-772-191295', 'south-korea-2026', 'Hyun-Gyu Oh', 'Atacante', 25, NULL, NULL, FALSE),
('p-772-261683', 'south-korea-2026', 'Ji-sung Eom', 'Atacante', 26, NULL, NULL, FALSE)
ON CONFLICT (id) DO NOTHING;

INSERT INTO player_aliases (player_id, alias) VALUES
('p-772-166683', 'seung-gyu kim'),
('p-772-166683', 'kim'),
('p-772-189673', 'bum-keun song'),
('p-772-189673', 'song'),
('p-772-189775', 'hyeon-woo jo'),
('p-772-168299', 'min-jae kim'),
('p-772-168299', 'kim'),
('p-772-171221', 'moon-hwan kim'),
('p-772-171221', 'kim'),
('p-772-217715', 'han-bum lee'),
('p-772-217715', 'lee'),
('p-772-243858', 'young-woo seol'),
('p-772-243858', 'seol'),
('p-772-244407', 'jin-seob park'),
('p-772-244407', 'park'),
('p-772-246906', 'tae-hyeon kim'),
('p-772-246906', 'kim'),
('p-772-254209', 'gi-hyuk lee'),
('p-772-254209', 'lee'),
('p-772-282051', 'tae-seok lee'),
('p-772-282051', 'lee'),
('p-772-295846', 'cho wi-je'),
('p-772-295846', 'wi-je'),
('p-772-151888', 'jens castrop'),
('p-772-151888', 'castrop'),
('p-772-170561', 'in-beom hwang'),
('p-772-170561', 'hwang'),
('p-772-177318', 'dong-gyeong lee'),
('p-772-177318', 'lee'),
('p-772-179889', 'jae-sung lee'),
('p-772-179889', 'lee'),
('p-772-189741', 'jin-gyu kim'),
('p-772-189741', 'kim'),
('p-772-189752', 'seung-ho paik'),
('p-772-189752', 'paik'),
('p-772-213217', 'kang-in lee'),
('p-772-213217', 'lee'),
('p-772-217655', 'joon-ho bae'),
('p-772-217655', 'bae'),
('p-772-3354', 'hwang heechan'),
('p-772-3354', 'heechan'),
('p-772-170281', 'heung-min son'),
('p-772-170281', 'son'),
('p-772-189665', 'hyun-jun yang'),
('p-772-189665', 'yang'),
('p-772-189762', 'gue-sung cho'),
('p-772-189762', 'cho'),
('p-772-191295', 'hyun-gyu oh'),
('p-772-261683', 'ji-sung eom'),
('p-772-261683', 'eom');

-- ==================== TEAM: SPAIN ====================
INSERT INTO players (id, team_id, official_name, position, shirt_number, club_at_time, image_url, in_starting_eleven) VALUES
('p-760-4832', 'spain-2026', 'David Raya', 'Goleiro', 1, NULL, NULL, TRUE),
('p-760-32570', 'spain-2026', 'Unai Simón', 'Goleiro', 2, NULL, NULL, FALSE),
('p-760-152506', 'spain-2026', 'Joan García', 'Goleiro', 3, NULL, NULL, FALSE),
('p-760-7884', 'spain-2026', 'Aymeric Laporte', 'Zagueiro', 4, NULL, NULL, TRUE),
('p-760-15863', 'spain-2026', 'Cucurella', 'Zagueiro', 5, NULL, NULL, TRUE),
('p-760-16739', 'spain-2026', 'Alejandro Grimaldo', 'Zagueiro', 6, NULL, NULL, TRUE),
('p-760-81037', 'spain-2026', 'Pedro Porro', 'Zagueiro', 7, NULL, NULL, TRUE),
('p-760-101345', 'spain-2026', 'Eric García', 'Zagueiro', 8, NULL, NULL, FALSE),
('p-760-176745', 'spain-2026', 'Marc Pubill', 'Zagueiro', 9, NULL, NULL, FALSE),
('p-760-217540', 'spain-2026', 'Pau Cubarsí', 'Zagueiro', 10, NULL, NULL, FALSE),
('p-760-22', 'spain-2026', 'Fabián Ruiz', 'Meia', 11, NULL, NULL, TRUE),
('p-760-70', 'spain-2026', 'Marcos Llorente', 'Meia', 12, NULL, NULL, TRUE),
('p-760-3199', 'spain-2026', 'Rodri', 'Meia', 13, NULL, NULL, TRUE),
('p-760-7935', 'spain-2026', 'Mikel Merino', 'Meia', 14, NULL, NULL, FALSE),
('p-760-23132', 'spain-2026', 'Dani Olmo', 'Meia', 15, NULL, NULL, FALSE),
('p-760-33154', 'spain-2026', 'Ferrán Torres', 'Meia', 16, NULL, NULL, FALSE),
('p-760-115035', 'spain-2026', 'Martín Zubimendi', 'Meia', 17, NULL, NULL, FALSE),
('p-760-133860', 'spain-2026', 'Pedri', 'Meia', 18, NULL, NULL, FALSE),
('p-760-171992', 'spain-2026', 'Pablo Gavira', 'Meia', 19, NULL, NULL, FALSE),
('p-760-180137', 'spain-2026', 'Mikel Oyarzabal', 'Meia', 20, NULL, NULL, FALSE),
('p-760-213278', 'spain-2026', 'Álex Baena', 'Meia', 21, NULL, NULL, FALSE),
('p-760-32056', 'spain-2026', 'Borja Iglesias', 'Atacante', 22, NULL, NULL, TRUE),
('p-760-152505', 'spain-2026', 'Yeremi Pino', 'Atacante', 23, NULL, NULL, TRUE),
('p-760-157135', 'spain-2026', 'Nico Williams', 'Atacante', 24, NULL, NULL, TRUE),
('p-760-202283', 'spain-2026', 'Lamine Yamal', 'Atacante', 25, NULL, NULL, FALSE),
('p-760-273423', 'spain-2026', 'Víctor Muñoz', 'Atacante', 26, NULL, NULL, FALSE)
ON CONFLICT (id) DO NOTHING;

INSERT INTO player_aliases (player_id, alias) VALUES
('p-760-4832', 'david raya'),
('p-760-4832', 'raya'),
('p-760-32570', 'unai simon'),
('p-760-32570', 'simon'),
('p-760-152506', 'joan garcia'),
('p-760-152506', 'garcia'),
('p-760-7884', 'aymeric laporte'),
('p-760-7884', 'laporte'),
('p-760-15863', 'cucurella'),
('p-760-16739', 'alejandro grimaldo'),
('p-760-16739', 'grimaldo'),
('p-760-81037', 'pedro porro'),
('p-760-81037', 'porro'),
('p-760-101345', 'eric garcia'),
('p-760-101345', 'garcia'),
('p-760-176745', 'marc pubill'),
('p-760-176745', 'pubill'),
('p-760-217540', 'pau cubarsi'),
('p-760-217540', 'cubarsi'),
('p-760-22', 'fabian ruiz'),
('p-760-22', 'ruiz'),
('p-760-70', 'marcos llorente'),
('p-760-70', 'llorente'),
('p-760-3199', 'rodri'),
('p-760-7935', 'mikel merino'),
('p-760-7935', 'merino'),
('p-760-23132', 'dani olmo'),
('p-760-23132', 'olmo'),
('p-760-33154', 'ferran torres'),
('p-760-33154', 'torres'),
('p-760-115035', 'martin zubimendi'),
('p-760-115035', 'zubimendi'),
('p-760-133860', 'pedri'),
('p-760-171992', 'pablo gavira'),
('p-760-171992', 'gavira'),
('p-760-180137', 'mikel oyarzabal'),
('p-760-180137', 'oyarzabal'),
('p-760-213278', 'alex baena'),
('p-760-213278', 'baena'),
('p-760-32056', 'borja iglesias'),
('p-760-32056', 'iglesias'),
('p-760-152505', 'yeremi pino'),
('p-760-152505', 'pino'),
('p-760-157135', 'nico williams'),
('p-760-157135', 'williams'),
('p-760-202283', 'lamine yamal'),
('p-760-202283', 'yamal'),
('p-760-273423', 'victor munoz'),
('p-760-273423', 'munoz');

-- ==================== TEAM: SWEDEN ====================
INSERT INTO players (id, team_id, official_name, position, shirt_number, club_at_time, image_url, in_starting_eleven) VALUES
('p-792-3484', 'sweden-2026', 'Kristoffer Nordfeldt', 'Goleiro', 1, NULL, NULL, TRUE),
('p-792-149732', 'sweden-2026', 'Viktor Johansson', 'Goleiro', 2, NULL, NULL, FALSE),
('p-792-180671', 'sweden-2026', 'Jacob Widell Zetterström', 'Goleiro', 3, NULL, NULL, FALSE),
('p-792-3492', 'sweden-2026', 'Victor Nilsson-Lindelöf', 'Zagueiro', 4, NULL, NULL, TRUE),
('p-792-31019', 'sweden-2026', 'Carl Starfelt', 'Zagueiro', 5, NULL, NULL, TRUE),
('p-792-31531', 'sweden-2026', 'Gabriel Gudmundsson', 'Zagueiro', 6, NULL, NULL, TRUE),
('p-792-31560', 'sweden-2026', 'Hjalmar Ekdal', 'Zagueiro', 7, NULL, NULL, TRUE),
('p-792-31926', 'sweden-2026', 'Eric Smith', 'Zagueiro', 8, NULL, NULL, FALSE),
('p-792-145937', 'sweden-2026', 'Daniel Svensson', 'Zagueiro', 9, NULL, NULL, FALSE),
('p-792-166538', 'sweden-2026', 'Gustaf Lagerbielke', 'Zagueiro', 10, NULL, NULL, FALSE),
('p-792-167031', 'sweden-2026', 'Isak Hien', 'Zagueiro', 11, NULL, NULL, FALSE),
('p-792-167409', 'sweden-2026', 'Herman Johansson', 'Zagueiro', 12, NULL, NULL, FALSE),
('p-792-192811', 'sweden-2026', 'Elliot Stroud', 'Zagueiro', 13, NULL, NULL, FALSE),
('p-792-3500', 'sweden-2026', 'Ken Sema', 'Meia', 14, NULL, NULL, TRUE),
('p-792-15354', 'sweden-2026', 'Mattias Svanberg', 'Meia', 15, NULL, NULL, TRUE),
('p-792-31065', 'sweden-2026', 'Jesper Karlström', 'Meia', 16, NULL, NULL, TRUE),
('p-792-145613', 'sweden-2026', 'Yasin Ayari', 'Meia', 17, NULL, NULL, FALSE),
('p-792-180627', 'sweden-2026', 'Besfort Zeneli', 'Meia', 18, NULL, NULL, FALSE),
('p-792-180673', 'sweden-2026', 'Taha Ali', 'Meia', 19, NULL, NULL, FALSE),
('p-792-193622', 'sweden-2026', 'Lucas Bergvall', 'Meia', 20, NULL, NULL, FALSE),
('p-792-6486', 'sweden-2026', 'Alexander Isak', 'Atacante', 21, NULL, NULL, TRUE),
('p-792-8279', 'sweden-2026', 'Viktor Gyökeres', 'Atacante', 22, NULL, NULL, TRUE),
('p-792-24083', 'sweden-2026', 'Gustaf Nilsson', 'Atacante', 23, NULL, NULL, TRUE),
('p-792-72511', 'sweden-2026', 'Benjamin Nygren', 'Atacante', 24, NULL, NULL, FALSE),
('p-792-111622', 'sweden-2026', 'Alexander Bernhardsson', 'Atacante', 25, NULL, NULL, FALSE),
('p-792-166376', 'sweden-2026', 'Anthony Elanga', 'Atacante', 26, NULL, NULL, FALSE)
ON CONFLICT (id) DO NOTHING;

INSERT INTO player_aliases (player_id, alias) VALUES
('p-792-3484', 'kristoffer nordfeldt'),
('p-792-3484', 'nordfeldt'),
('p-792-149732', 'viktor johansson'),
('p-792-149732', 'johansson'),
('p-792-180671', 'jacob widell zetterstrom'),
('p-792-180671', 'zetterstrom'),
('p-792-3492', 'victor nilsson-lindelof'),
('p-792-3492', 'nilsson-lindelof'),
('p-792-31019', 'carl starfelt'),
('p-792-31019', 'starfelt'),
('p-792-31531', 'gabriel gudmundsson'),
('p-792-31531', 'gudmundsson'),
('p-792-31560', 'hjalmar ekdal'),
('p-792-31560', 'ekdal'),
('p-792-31926', 'eric smith'),
('p-792-31926', 'smith'),
('p-792-145937', 'daniel svensson'),
('p-792-145937', 'svensson'),
('p-792-166538', 'gustaf lagerbielke'),
('p-792-166538', 'lagerbielke'),
('p-792-167031', 'isak hien'),
('p-792-167031', 'hien'),
('p-792-167409', 'herman johansson'),
('p-792-167409', 'johansson'),
('p-792-192811', 'elliot stroud'),
('p-792-192811', 'stroud'),
('p-792-3500', 'ken sema'),
('p-792-3500', 'sema'),
('p-792-15354', 'mattias svanberg'),
('p-792-15354', 'svanberg'),
('p-792-31065', 'jesper karlstrom'),
('p-792-31065', 'karlstrom'),
('p-792-145613', 'yasin ayari'),
('p-792-145613', 'ayari'),
('p-792-180627', 'besfort zeneli'),
('p-792-180627', 'zeneli'),
('p-792-180673', 'taha ali'),
('p-792-180673', 'ali'),
('p-792-193622', 'lucas bergvall'),
('p-792-193622', 'bergvall'),
('p-792-6486', 'alexander isak'),
('p-792-6486', 'isak'),
('p-792-8279', 'viktor gyokeres'),
('p-792-8279', 'gyokeres'),
('p-792-24083', 'gustaf nilsson'),
('p-792-24083', 'nilsson'),
('p-792-72511', 'benjamin nygren'),
('p-792-72511', 'nygren'),
('p-792-111622', 'alexander bernhardsson'),
('p-792-111622', 'bernhardsson'),
('p-792-166376', 'anthony elanga'),
('p-792-166376', 'elanga');

-- ==================== TEAM: SWITZERLAND ====================
INSERT INTO players (id, team_id, official_name, position, shirt_number, club_at_time, image_url, in_starting_eleven) VALUES
('p-788-334', 'switzerland-2026', 'Gregor Kobel', 'Goleiro', 1, NULL, NULL, TRUE),
('p-788-9534', 'switzerland-2026', 'Yvon Mvogo', 'Goleiro', 2, NULL, NULL, FALSE),
('p-788-205190', 'switzerland-2026', 'Marvin Keller', 'Goleiro', 3, NULL, NULL, FALSE),
('p-788-143', 'switzerland-2026', 'Manuel Akanji', 'Zagueiro', 4, NULL, NULL, TRUE),
('p-788-1745', 'switzerland-2026', 'Ricardo Rodriguez', 'Zagueiro', 5, NULL, NULL, TRUE),
('p-788-2114', 'switzerland-2026', 'Silvan Widmer', 'Zagueiro', 6, NULL, NULL, TRUE),
('p-788-3475', 'switzerland-2026', 'Nico Elvedi', 'Zagueiro', 7, NULL, NULL, TRUE),
('p-788-30823', 'switzerland-2026', 'Eray Cömert', 'Zagueiro', 8, NULL, NULL, FALSE),
('p-788-50215', 'switzerland-2026', 'Miro Muheim', 'Zagueiro', 9, NULL, NULL, FALSE),
('p-788-169297', 'switzerland-2026', 'Aurele Amenda', 'Zagueiro', 10, NULL, NULL, FALSE),
('p-788-176711', 'switzerland-2026', 'Luca Jaquez', 'Zagueiro', 11, NULL, NULL, FALSE),
('p-788-1841', 'switzerland-2026', 'Remo Freuler', 'Meia', 12, NULL, NULL, TRUE),
('p-788-3477', 'switzerland-2026', 'Granit Xhaka', 'Meia', 13, NULL, NULL, TRUE),
('p-788-6687', 'switzerland-2026', 'Denis Zakaria', 'Meia', 14, NULL, NULL, TRUE),
('p-788-16265', 'switzerland-2026', 'Michel Aebischer', 'Meia', 15, NULL, NULL, FALSE),
('p-788-16275', 'switzerland-2026', 'Djibril Sow', 'Meia', 16, NULL, NULL, FALSE),
('p-788-16281', 'switzerland-2026', 'Christian Fassnacht', 'Meia', 17, NULL, NULL, FALSE),
('p-788-31913', 'switzerland-2026', 'Ruben Vargas', 'Meia', 18, NULL, NULL, FALSE),
('p-788-144909', 'switzerland-2026', 'Ardon Jasari', 'Meia', 19, NULL, NULL, FALSE),
('p-788-152692', 'switzerland-2026', 'Fabian Rieder', 'Meia', 20, NULL, NULL, FALSE),
('p-788-212309', 'switzerland-2026', 'Johan Manzambi', 'Meia', 21, NULL, NULL, FALSE),
('p-788-3483', 'switzerland-2026', 'Breel Embolo', 'Atacante', 22, NULL, NULL, TRUE),
('p-788-16058', 'switzerland-2026', 'Noah Okafor', 'Atacante', 23, NULL, NULL, TRUE),
('p-788-30780', 'switzerland-2026', 'Cédric Itten', 'Atacante', 24, NULL, NULL, TRUE),
('p-788-77641', 'switzerland-2026', 'Dan Ndoye', 'Atacante', 25, NULL, NULL, FALSE),
('p-788-122313', 'switzerland-2026', 'Zeki Amdouni', 'Atacante', 26, NULL, NULL, FALSE)
ON CONFLICT (id) DO NOTHING;

INSERT INTO player_aliases (player_id, alias) VALUES
('p-788-334', 'gregor kobel'),
('p-788-334', 'kobel'),
('p-788-9534', 'yvon mvogo'),
('p-788-9534', 'mvogo'),
('p-788-205190', 'marvin keller'),
('p-788-205190', 'keller'),
('p-788-143', 'manuel akanji'),
('p-788-143', 'akanji'),
('p-788-1745', 'ricardo rodriguez'),
('p-788-1745', 'rodriguez'),
('p-788-2114', 'silvan widmer'),
('p-788-2114', 'widmer'),
('p-788-3475', 'nico elvedi'),
('p-788-3475', 'elvedi'),
('p-788-30823', 'eray comert'),
('p-788-30823', 'comert'),
('p-788-50215', 'miro muheim'),
('p-788-50215', 'muheim'),
('p-788-169297', 'aurele amenda'),
('p-788-169297', 'amenda'),
('p-788-176711', 'luca jaquez'),
('p-788-176711', 'jaquez'),
('p-788-1841', 'remo freuler'),
('p-788-1841', 'freuler'),
('p-788-3477', 'granit xhaka'),
('p-788-3477', 'xhaka'),
('p-788-6687', 'denis zakaria'),
('p-788-6687', 'zakaria'),
('p-788-16265', 'michel aebischer'),
('p-788-16265', 'aebischer'),
('p-788-16275', 'djibril sow'),
('p-788-16275', 'sow'),
('p-788-16281', 'christian fassnacht'),
('p-788-16281', 'fassnacht'),
('p-788-31913', 'ruben vargas'),
('p-788-31913', 'vargas'),
('p-788-144909', 'ardon jasari'),
('p-788-144909', 'jasari'),
('p-788-152692', 'fabian rieder'),
('p-788-152692', 'rieder'),
('p-788-212309', 'johan manzambi'),
('p-788-212309', 'manzambi'),
('p-788-3483', 'breel embolo'),
('p-788-3483', 'embolo'),
('p-788-16058', 'noah okafor'),
('p-788-16058', 'okafor'),
('p-788-30780', 'cedric itten'),
('p-788-30780', 'itten'),
('p-788-77641', 'dan ndoye'),
('p-788-77641', 'ndoye'),
('p-788-122313', 'zeki amdouni'),
('p-788-122313', 'amdouni');

-- ==================== TEAM: TUNISIA ====================
INSERT INTO players (id, team_id, official_name, position, shirt_number, club_at_time, image_url, in_starting_eleven) VALUES
('p-802-99393', 'tunisia-2026', 'Aymen Dahmen', 'Goleiro', 1, NULL, NULL, TRUE),
('p-802-295200', 'tunisia-2026', 'Sabri Ben Hessen', 'Goleiro', 2, NULL, NULL, FALSE),
('p-802-295202', 'tunisia-2026', 'Abdelmouhib Chamakh', 'Goleiro', 3, NULL, NULL, FALSE),
('p-802-3595', 'tunisia-2026', 'Dylan Bronn', 'Zagueiro', 4, NULL, NULL, TRUE),
('p-802-99394', 'tunisia-2026', 'Ali El Abdi', 'Zagueiro', 5, NULL, NULL, TRUE),
('p-802-99799', 'tunisia-2026', 'Yan Valery', 'Zagueiro', 6, NULL, NULL, TRUE),
('p-802-130471', 'tunisia-2026', 'Mortadha Ben Ouanes', 'Zagueiro', 7, NULL, NULL, TRUE),
('p-802-144669', 'tunisia-2026', 'Omar Rekik', 'Zagueiro', 8, NULL, NULL, FALSE),
('p-802-173578', 'tunisia-2026', 'Yassine Chikhaoui', 'Zagueiro', 9, NULL, NULL, FALSE),
('p-802-177695', 'tunisia-2026', 'Montassar Talbi', 'Zagueiro', 10, NULL, NULL, FALSE),
('p-802-189007', 'tunisia-2026', 'Moutaz Neffati', 'Zagueiro', 11, NULL, NULL, FALSE),
('p-802-273918', 'tunisia-2026', 'Mohamed Amine Ben Hamida', 'Zagueiro', 12, NULL, NULL, FALSE),
('p-802-285769', 'tunisia-2026', 'Adem Arous', 'Zagueiro', 13, NULL, NULL, FALSE),
('p-802-3608', 'tunisia-2026', 'Ellyes Skhiri', 'Meia', 14, NULL, NULL, TRUE),
('p-802-6657', 'tunisia-2026', 'Rani Khedira', 'Meia', 15, NULL, NULL, TRUE),
('p-802-141826', 'tunisia-2026', 'Anis Ben Slimane', 'Meia', 16, NULL, NULL, TRUE),
('p-802-169325', 'tunisia-2026', 'Hannibal Mejbri', 'Meia', 17, NULL, NULL, FALSE),
('p-802-172854', 'tunisia-2026', 'Hadj Mahmoud', 'Meia', 18, NULL, NULL, FALSE),
('p-802-95125', 'tunisia-2026', 'Sebastian Tounekti', 'Atacante', 19, NULL, NULL, TRUE),
('p-802-97476', 'tunisia-2026', 'Firas Chaouat', 'Atacante', 20, NULL, NULL, TRUE),
('p-802-161414', 'tunisia-2026', 'Ismaël Gharbi', 'Atacante', 21, NULL, NULL, TRUE),
('p-802-171368', 'tunisia-2026', 'Elias Achouri', 'Atacante', 22, NULL, NULL, FALSE),
('p-802-171927', 'tunisia-2026', 'Elias Saad', 'Atacante', 23, NULL, NULL, FALSE),
('p-802-277192', 'tunisia-2026', 'Hazem Mastouri', 'Atacante', 24, NULL, NULL, FALSE),
('p-802-279116', 'tunisia-2026', 'Rayan Elloumi', 'Atacante', 25, NULL, NULL, FALSE),
('p-802-295662', 'tunisia-2026', 'Khalil Ayari', 'Atacante', 26, NULL, NULL, FALSE)
ON CONFLICT (id) DO NOTHING;

INSERT INTO player_aliases (player_id, alias) VALUES
('p-802-99393', 'aymen dahmen'),
('p-802-99393', 'dahmen'),
('p-802-295200', 'sabri ben hessen'),
('p-802-295200', 'hessen'),
('p-802-295202', 'abdelmouhib chamakh'),
('p-802-295202', 'chamakh'),
('p-802-3595', 'dylan bronn'),
('p-802-3595', 'bronn'),
('p-802-99394', 'ali el abdi'),
('p-802-99394', 'abdi'),
('p-802-99799', 'yan valery'),
('p-802-99799', 'valery'),
('p-802-130471', 'mortadha ben ouanes'),
('p-802-130471', 'ouanes'),
('p-802-144669', 'omar rekik'),
('p-802-144669', 'rekik'),
('p-802-173578', 'yassine chikhaoui'),
('p-802-173578', 'chikhaoui'),
('p-802-177695', 'montassar talbi'),
('p-802-177695', 'talbi'),
('p-802-189007', 'moutaz neffati'),
('p-802-189007', 'neffati'),
('p-802-273918', 'mohamed amine ben hamida'),
('p-802-273918', 'hamida'),
('p-802-285769', 'adem arous'),
('p-802-285769', 'arous'),
('p-802-3608', 'ellyes skhiri'),
('p-802-3608', 'skhiri'),
('p-802-6657', 'rani khedira'),
('p-802-6657', 'khedira'),
('p-802-141826', 'anis ben slimane'),
('p-802-141826', 'slimane'),
('p-802-169325', 'hannibal mejbri'),
('p-802-169325', 'mejbri'),
('p-802-172854', 'hadj mahmoud'),
('p-802-172854', 'mahmoud'),
('p-802-95125', 'sebastian tounekti'),
('p-802-95125', 'tounekti'),
('p-802-97476', 'firas chaouat'),
('p-802-97476', 'chaouat'),
('p-802-161414', 'ismael gharbi'),
('p-802-161414', 'gharbi'),
('p-802-171368', 'elias achouri'),
('p-802-171368', 'achouri'),
('p-802-171927', 'elias saad'),
('p-802-171927', 'saad'),
('p-802-277192', 'hazem mastouri'),
('p-802-277192', 'mastouri'),
('p-802-279116', 'rayan elloumi'),
('p-802-279116', 'elloumi'),
('p-802-295662', 'khalil ayari'),
('p-802-295662', 'ayari');

-- ==================== TEAM: TURKEY ====================
INSERT INTO players (id, team_id, official_name, position, shirt_number, club_at_time, image_url, in_starting_eleven) VALUES
('p-803-16641', 'turkey-2026', 'Mert Günok', 'Goleiro', 1, NULL, NULL, TRUE),
('p-803-29518', 'turkey-2026', 'Altay Bayındır', 'Goleiro', 2, NULL, NULL, FALSE),
('p-803-30283', 'turkey-2026', 'Uğurcan Çakır', 'Goleiro', 3, NULL, NULL, FALSE),
('p-803-9475', 'turkey-2026', 'Çağlar Söyüncü', 'Zagueiro', 4, NULL, NULL, TRUE),
('p-803-9512', 'turkey-2026', 'Kaan Ayhan', 'Zagueiro', 5, NULL, NULL, TRUE),
('p-803-9869', 'turkey-2026', 'Ferdi Kadıoğlu', 'Zagueiro', 6, NULL, NULL, TRUE),
('p-803-10647', 'turkey-2026', 'Mert Müldür', 'Zagueiro', 7, NULL, NULL, TRUE),
('p-803-29622', 'turkey-2026', 'Zeki Çelik', 'Zagueiro', 8, NULL, NULL, FALSE),
('p-803-29804', 'turkey-2026', 'Abdülkerim Bardakcı', 'Zagueiro', 9, NULL, NULL, FALSE),
('p-803-30548', 'turkey-2026', 'Ozan Kabak', 'Zagueiro', 10, NULL, NULL, FALSE),
('p-803-37118', 'turkey-2026', 'Merih Demiral', 'Zagueiro', 11, NULL, NULL, FALSE),
('p-803-127226', 'turkey-2026', 'Samet Akaydın', 'Zagueiro', 12, NULL, NULL, FALSE),
('p-803-145831', 'turkey-2026', 'Evren Eren Elmalı', 'Zagueiro', 13, NULL, NULL, FALSE),
('p-803-201', 'turkey-2026', 'Salih Özcan', 'Meia', 14, NULL, NULL, TRUE),
('p-803-1754', 'turkey-2026', 'Hakan Çalhanoğlu', 'Meia', 15, NULL, NULL, TRUE),
('p-803-7474', 'turkey-2026', 'Orkun Kökçü', 'Meia', 16, NULL, NULL, TRUE),
('p-803-148295', 'turkey-2026', 'İsmail Yüksek', 'Meia', 17, NULL, NULL, FALSE),
('p-803-169162', 'turkey-2026', 'Arda Guler', 'Meia', 18, NULL, NULL, FALSE),
('p-803-172081', 'turkey-2026', 'Baris Yilmaz', 'Meia', 19, NULL, NULL, FALSE),
('p-803-193605', 'turkey-2026', 'Can Uzun', 'Meia', 20, NULL, NULL, FALSE),
('p-803-79906', 'turkey-2026', 'Yunus Akgün', 'Atacante', 21, NULL, NULL, TRUE),
('p-803-149737', 'turkey-2026', 'Muhammed Kerem Aktürkoğlu', 'Atacante', 22, NULL, NULL, TRUE),
('p-803-171972', 'turkey-2026', 'Oguz Aydin', 'Atacante', 23, NULL, NULL, TRUE),
('p-803-180964', 'turkey-2026', 'İrfan Kahveci', 'Atacante', 24, NULL, NULL, FALSE),
('p-803-188466', 'turkey-2026', 'Deniz Gul', 'Atacante', 25, NULL, NULL, FALSE),
('p-803-191712', 'turkey-2026', 'Kenan Yıldız', 'Atacante', 26, NULL, NULL, FALSE)
ON CONFLICT (id) DO NOTHING;

INSERT INTO player_aliases (player_id, alias) VALUES
('p-803-16641', 'mert gunok'),
('p-803-16641', 'gunok'),
('p-803-29518', 'altay bayındır'),
('p-803-29518', 'bayındır'),
('p-803-30283', 'ugurcan cakır'),
('p-803-30283', 'cakır'),
('p-803-9475', 'caglar soyuncu'),
('p-803-9475', 'soyuncu'),
('p-803-9512', 'kaan ayhan'),
('p-803-9512', 'ayhan'),
('p-803-9869', 'ferdi kadıoglu'),
('p-803-9869', 'kadıoglu'),
('p-803-10647', 'mert muldur'),
('p-803-10647', 'muldur'),
('p-803-29622', 'zeki celik'),
('p-803-29622', 'celik'),
('p-803-29804', 'abdulkerim bardakcı'),
('p-803-29804', 'bardakcı'),
('p-803-30548', 'ozan kabak'),
('p-803-30548', 'kabak'),
('p-803-37118', 'merih demiral'),
('p-803-37118', 'demiral'),
('p-803-127226', 'samet akaydın'),
('p-803-127226', 'akaydın'),
('p-803-145831', 'evren eren elmalı'),
('p-803-145831', 'elmalı'),
('p-803-201', 'salih ozcan'),
('p-803-201', 'ozcan'),
('p-803-1754', 'hakan calhanoglu'),
('p-803-1754', 'calhanoglu'),
('p-803-7474', 'orkun kokcu'),
('p-803-7474', 'kokcu'),
('p-803-148295', 'ismail yuksek'),
('p-803-148295', 'yuksek'),
('p-803-169162', 'arda guler'),
('p-803-169162', 'guler'),
('p-803-172081', 'baris yilmaz'),
('p-803-172081', 'yilmaz'),
('p-803-193605', 'can uzun'),
('p-803-193605', 'uzun'),
('p-803-79906', 'yunus akgun'),
('p-803-79906', 'akgun'),
('p-803-149737', 'muhammed kerem akturkoglu'),
('p-803-149737', 'akturkoglu'),
('p-803-171972', 'oguz aydin'),
('p-803-171972', 'aydin'),
('p-803-180964', 'irfan kahveci'),
('p-803-180964', 'kahveci'),
('p-803-188466', 'deniz gul'),
('p-803-188466', 'gul'),
('p-803-191712', 'kenan yıldız'),
('p-803-191712', 'yıldız');

-- ==================== TEAM: UNITED STATES ====================
INSERT INTO players (id, team_id, official_name, position, shirt_number, club_at_time, image_url, in_starting_eleven) VALUES
('p-771-76936', 'united-states-2026', 'Matt Turner', 'Goleiro', 1, NULL, NULL, TRUE),
('p-771-113261', 'united-states-2026', 'Matt Freese', 'Goleiro', 2, NULL, NULL, FALSE),
('p-771-167172', 'united-states-2026', 'Chris Brady', 'Goleiro', 3, NULL, NULL, FALSE),
('p-771-3927', 'united-states-2026', 'Antonee Robinson', 'Zagueiro', 4, NULL, NULL, TRUE),
('p-771-3956', 'united-states-2026', 'Tim Ream', 'Zagueiro', 5, NULL, NULL, TRUE),
('p-771-76866', 'united-states-2026', 'Miles Robinson', 'Zagueiro', 6, NULL, NULL, TRUE),
('p-771-77185', 'united-states-2026', 'Auston Trusty', 'Zagueiro', 7, NULL, NULL, TRUE),
('p-771-77803', 'united-states-2026', 'Mark McKenzie', 'Zagueiro', 8, NULL, NULL, FALSE),
('p-771-82442', 'united-states-2026', 'Joseph Scally', 'Zagueiro', 9, NULL, NULL, FALSE),
('p-771-97534', 'united-states-2026', 'Sergiño Dest', 'Zagueiro', 10, NULL, NULL, FALSE),
('p-771-99856', 'united-states-2026', 'Chris Richards', 'Zagueiro', 11, NULL, NULL, FALSE),
('p-771-177823', 'united-states-2026', 'Alex Freeman', 'Zagueiro', 12, NULL, NULL, FALSE),
('p-771-6507', 'united-states-2026', 'Weston McKennie', 'Meia', 13, NULL, NULL, TRUE),
('p-771-77029', 'united-states-2026', 'Cristian Roldan', 'Meia', 14, NULL, NULL, TRUE),
('p-771-77596', 'united-states-2026', 'Tyler Adams', 'Meia', 15, NULL, NULL, TRUE),
('p-771-113262', 'united-states-2026', 'Brenden Aaronson', 'Meia', 16, NULL, NULL, FALSE),
('p-771-136733', 'united-states-2026', 'Gio Reyna', 'Meia', 17, NULL, NULL, FALSE),
('p-771-140416', 'united-states-2026', 'Sebastian Berhalter', 'Meia', 18, NULL, NULL, FALSE),
('p-771-144470', 'united-states-2026', 'Malik Tillman', 'Meia', 19, NULL, NULL, FALSE),
('p-771-145', 'united-states-2026', 'Christian Pulisic', 'Atacante', 20, NULL, NULL, TRUE),
('p-771-8492', 'united-states-2026', 'Tim Weah', 'Atacante', 21, NULL, NULL, TRUE),
('p-771-10076', 'united-states-2026', 'Haji Wright', 'Atacante', 22, NULL, NULL, TRUE),
('p-771-39023', 'united-states-2026', 'Alejandro Zendejas', 'Atacante', 23, NULL, NULL, FALSE),
('p-771-119731', 'united-states-2026', 'Ricardo Pepi', 'Atacante', 24, NULL, NULL, FALSE),
('p-771-131040', 'united-states-2026', 'Folarin Balogun', 'Atacante', 25, NULL, NULL, FALSE),
('p-771-192180', 'united-states-2026', 'Max Arfsten', 'Atacante', 26, NULL, NULL, FALSE)
ON CONFLICT (id) DO NOTHING;

INSERT INTO player_aliases (player_id, alias) VALUES
('p-771-76936', 'matt turner'),
('p-771-76936', 'turner'),
('p-771-113261', 'matt freese'),
('p-771-113261', 'freese'),
('p-771-167172', 'chris brady'),
('p-771-167172', 'brady'),
('p-771-3927', 'antonee robinson'),
('p-771-3927', 'robinson'),
('p-771-3956', 'tim ream'),
('p-771-3956', 'ream'),
('p-771-76866', 'miles robinson'),
('p-771-76866', 'robinson'),
('p-771-77185', 'auston trusty'),
('p-771-77185', 'trusty'),
('p-771-77803', 'mark mckenzie'),
('p-771-77803', 'mckenzie'),
('p-771-82442', 'joseph scally'),
('p-771-82442', 'scally'),
('p-771-97534', 'sergino dest'),
('p-771-97534', 'dest'),
('p-771-99856', 'chris richards'),
('p-771-99856', 'richards'),
('p-771-177823', 'alex freeman'),
('p-771-177823', 'freeman'),
('p-771-6507', 'weston mckennie'),
('p-771-6507', 'mckennie'),
('p-771-77029', 'cristian roldan'),
('p-771-77029', 'roldan'),
('p-771-77596', 'tyler adams'),
('p-771-77596', 'adams'),
('p-771-113262', 'brenden aaronson'),
('p-771-113262', 'aaronson'),
('p-771-136733', 'gio reyna'),
('p-771-136733', 'reyna'),
('p-771-140416', 'sebastian berhalter'),
('p-771-140416', 'berhalter'),
('p-771-144470', 'malik tillman'),
('p-771-144470', 'tillman'),
('p-771-145', 'christian pulisic'),
('p-771-145', 'pulisic'),
('p-771-8492', 'tim weah'),
('p-771-8492', 'weah'),
('p-771-10076', 'haji wright'),
('p-771-10076', 'wright'),
('p-771-39023', 'alejandro zendejas'),
('p-771-39023', 'zendejas'),
('p-771-119731', 'ricardo pepi'),
('p-771-119731', 'pepi'),
('p-771-131040', 'folarin balogun'),
('p-771-131040', 'balogun'),
('p-771-192180', 'max arfsten'),
('p-771-192180', 'arfsten');

-- ==================== TEAM: URUGUAY ====================
INSERT INTO players (id, team_id, official_name, position, shirt_number, club_at_time, image_url, in_starting_eleven) VALUES
('p-758-3160', 'uruguay-2026', 'Fernando Muslera', 'Goleiro', 1, NULL, NULL, TRUE),
('p-758-30210', 'uruguay-2026', 'Santiago Mele', 'Goleiro', 2, NULL, NULL, FALSE),
('p-758-30386', 'uruguay-2026', 'Sergio Rochet', 'Goleiro', 3, NULL, NULL, FALSE),
('p-758-3165', 'uruguay-2026', 'Guillermo Varela', 'Zagueiro', 4, NULL, NULL, TRUE),
('p-758-28292', 'uruguay-2026', 'Ronald Araújo', 'Zagueiro', 5, NULL, NULL, TRUE),
('p-758-28326', 'uruguay-2026', 'Sebastían Cáceres', 'Zagueiro', 6, NULL, NULL, TRUE),
('p-758-28426', 'uruguay-2026', 'Matías Viña', 'Zagueiro', 7, NULL, NULL, TRUE),
('p-758-28740', 'uruguay-2026', 'Joaquín Piquerez', 'Zagueiro', 8, NULL, NULL, FALSE),
('p-758-28770', 'uruguay-2026', 'Maximiliano Araújo', 'Zagueiro', 9, NULL, NULL, FALSE),
('p-758-32754', 'uruguay-2026', 'Mathías Olivera', 'Zagueiro', 10, NULL, NULL, FALSE),
('p-758-32767', 'uruguay-2026', 'Santiago Bueno', 'Zagueiro', 11, NULL, NULL, FALSE),
('p-758-213277', 'uruguay-2026', 'José Giménez', 'Zagueiro', 12, NULL, NULL, FALSE),
('p-758-96', 'uruguay-2026', 'Federico Valverde', 'Meia', 13, NULL, NULL, TRUE),
('p-758-1244', 'uruguay-2026', 'Giorgian De Arrascaeta', 'Meia', 14, NULL, NULL, TRUE),
('p-758-2041', 'uruguay-2026', 'Rodrigo Bentancur', 'Meia', 15, NULL, NULL, TRUE),
('p-758-28549', 'uruguay-2026', 'Manuel Ugarte', 'Meia', 16, NULL, NULL, FALSE),
('p-758-121007', 'uruguay-2026', 'Rodrigo Zalazar', 'Meia', 17, NULL, NULL, FALSE),
('p-758-122506', 'uruguay-2026', 'Facundo Pellistri', 'Meia', 18, NULL, NULL, FALSE),
('p-758-130957', 'uruguay-2026', 'Emiliano Martínez', 'Meia', 19, NULL, NULL, FALSE),
('p-758-152435', 'uruguay-2026', 'Juan Sanabria', 'Meia', 20, NULL, NULL, FALSE),
('p-758-168795', 'uruguay-2026', 'Nicolas de la Cruz', 'Meia', 21, NULL, NULL, FALSE),
('p-758-11206', 'uruguay-2026', 'Rodrigo Aguirre', 'Atacante', 22, NULL, NULL, TRUE),
('p-758-28612', 'uruguay-2026', 'Darwin Núñez', 'Atacante', 23, NULL, NULL, TRUE),
('p-758-28614', 'uruguay-2026', 'Agustín Canobbio', 'Atacante', 24, NULL, NULL, TRUE),
('p-758-28618', 'uruguay-2026', 'Brian Rodríguez', 'Atacante', 25, NULL, NULL, FALSE),
('p-758-112678', 'uruguay-2026', 'Federico Viñas', 'Atacante', 26, NULL, NULL, FALSE)
ON CONFLICT (id) DO NOTHING;

INSERT INTO player_aliases (player_id, alias) VALUES
('p-758-3160', 'fernando muslera'),
('p-758-3160', 'muslera'),
('p-758-30210', 'santiago mele'),
('p-758-30210', 'mele'),
('p-758-30386', 'sergio rochet'),
('p-758-30386', 'rochet'),
('p-758-3165', 'guillermo varela'),
('p-758-3165', 'varela'),
('p-758-28292', 'ronald araujo'),
('p-758-28292', 'araujo'),
('p-758-28326', 'sebastian caceres'),
('p-758-28326', 'caceres'),
('p-758-28426', 'matias vina'),
('p-758-28426', 'vina'),
('p-758-28740', 'joaquin piquerez'),
('p-758-28740', 'piquerez'),
('p-758-28770', 'maximiliano araujo'),
('p-758-28770', 'araujo'),
('p-758-32754', 'mathias olivera'),
('p-758-32754', 'olivera'),
('p-758-32767', 'santiago bueno'),
('p-758-32767', 'bueno'),
('p-758-213277', 'jose gimenez'),
('p-758-213277', 'gimenez'),
('p-758-96', 'federico valverde'),
('p-758-96', 'valverde'),
('p-758-1244', 'giorgian de arrascaeta'),
('p-758-1244', 'arrascaeta'),
('p-758-2041', 'rodrigo bentancur'),
('p-758-2041', 'bentancur'),
('p-758-28549', 'manuel ugarte'),
('p-758-28549', 'ugarte'),
('p-758-121007', 'rodrigo zalazar'),
('p-758-121007', 'zalazar'),
('p-758-122506', 'facundo pellistri'),
('p-758-122506', 'pellistri'),
('p-758-130957', 'emiliano martinez'),
('p-758-130957', 'martinez'),
('p-758-152435', 'juan sanabria'),
('p-758-152435', 'sanabria'),
('p-758-168795', 'nicolas de la cruz'),
('p-758-168795', 'cruz'),
('p-758-11206', 'rodrigo aguirre'),
('p-758-11206', 'aguirre'),
('p-758-28612', 'darwin nunez'),
('p-758-28612', 'nunez'),
('p-758-28614', 'agustin canobbio'),
('p-758-28614', 'canobbio'),
('p-758-28618', 'brian rodriguez'),
('p-758-28618', 'rodriguez'),
('p-758-112678', 'federico vinas'),
('p-758-112678', 'vinas');

-- ==================== TEAM: UZBEKISTAN ====================
INSERT INTO players (id, team_id, official_name, position, shirt_number, club_at_time, image_url, in_starting_eleven) VALUES
('p-8070-243911', 'uzbekistan-2026', 'Abduvakhid Nematov', 'Goleiro', 1, NULL, NULL, TRUE),
('p-8070-244395', 'uzbekistan-2026', 'Botir Ergashev', 'Goleiro', 2, NULL, NULL, FALSE),
('p-8070-244531', 'uzbekistan-2026', 'Utkir Yusupov', 'Goleiro', 3, NULL, NULL, FALSE),
('p-8070-132172', 'uzbekistan-2026', 'Rustam Ashurmatov', 'Zagueiro', 4, NULL, NULL, TRUE),
('p-8070-132173', 'uzbekistan-2026', 'Umar Eshmurodov', 'Zagueiro', 5, NULL, NULL, TRUE),
('p-8070-212868', 'uzbekistan-2026', 'Abdukodir Khusanov', 'Zagueiro', 6, NULL, NULL, TRUE),
('p-8070-221787', 'uzbekistan-2026', 'Jakhongir O''rozov', 'Zagueiro', 7, NULL, NULL, TRUE),
('p-8070-231904', 'uzbekistan-2026', 'Farrukh Sayfiyev', 'Zagueiro', 8, NULL, NULL, FALSE),
('p-8070-243825', 'uzbekistan-2026', 'Khodjiakbar Alijonov', 'Zagueiro', 9, NULL, NULL, FALSE),
('p-8070-243838', 'uzbekistan-2026', 'Sherzod Nasrullayev', 'Zagueiro', 10, NULL, NULL, FALSE),
('p-8070-243928', 'uzbekistan-2026', 'Abdulla Abdullayev', 'Zagueiro', 11, NULL, NULL, FALSE),
('p-8070-295345', 'uzbekistan-2026', 'Bekhruz Karimov', 'Zagueiro', 12, NULL, NULL, FALSE),
('p-8070-295866', 'uzbekistan-2026', 'Avazbek Ulmasaliev', 'Zagueiro', 13, NULL, NULL, FALSE),
('p-8070-49149', 'uzbekistan-2026', 'Dostonbek Xamdamov', 'Meia', 14, NULL, NULL, TRUE),
('p-8070-117321', 'uzbekistan-2026', 'Otabek Shukurov', 'Meia', 15, NULL, NULL, TRUE),
('p-8070-119221', 'uzbekistan-2026', 'Oston Urunov', 'Meia', 16, NULL, NULL, TRUE),
('p-8070-132176', 'uzbekistan-2026', 'Jamshid Iskanderov', 'Meia', 17, NULL, NULL, FALSE),
('p-8070-149716', 'uzbekistan-2026', 'Akmal Mozgovoy', 'Meia', 18, NULL, NULL, FALSE),
('p-8070-214531', 'uzbekistan-2026', 'Abbosbek Fayzullaev', 'Meia', 19, NULL, NULL, FALSE),
('p-8070-232740', 'uzbekistan-2026', 'Azizjon Ganiev', 'Meia', 20, NULL, NULL, FALSE),
('p-8070-232753', 'uzbekistan-2026', 'Odiljon Hamrobekov', 'Meia', 21, NULL, NULL, FALSE),
('p-8070-262464', 'uzbekistan-2026', 'Sherzod Esanov', 'Meia', 22, NULL, NULL, FALSE),
('p-8070-49307', 'uzbekistan-2026', 'Eldor Shomurodov', 'Atacante', 23, NULL, NULL, TRUE),
('p-8070-183140', 'uzbekistan-2026', 'Igor Sergeev', 'Atacante', 24, NULL, NULL, TRUE),
('p-8070-212675', 'uzbekistan-2026', 'Ruslanbek Jiyanov', 'Atacante', 25, NULL, NULL, TRUE),
('p-8070-249659', 'uzbekistan-2026', 'Azizbek Amonov', 'Atacante', 26, NULL, NULL, FALSE)
ON CONFLICT (id) DO NOTHING;

INSERT INTO player_aliases (player_id, alias) VALUES
('p-8070-243911', 'abduvakhid nematov'),
('p-8070-243911', 'nematov'),
('p-8070-244395', 'botir ergashev'),
('p-8070-244395', 'ergashev'),
('p-8070-244531', 'utkir yusupov'),
('p-8070-244531', 'yusupov'),
('p-8070-132172', 'rustam ashurmatov'),
('p-8070-132172', 'ashurmatov'),
('p-8070-132173', 'umar eshmurodov'),
('p-8070-132173', 'eshmurodov'),
('p-8070-212868', 'abdukodir khusanov'),
('p-8070-212868', 'khusanov'),
('p-8070-221787', 'jakhongir o''rozov'),
('p-8070-221787', 'o''rozov'),
('p-8070-231904', 'farrukh sayfiyev'),
('p-8070-231904', 'sayfiyev'),
('p-8070-243825', 'khodjiakbar alijonov'),
('p-8070-243825', 'alijonov'),
('p-8070-243838', 'sherzod nasrullayev'),
('p-8070-243838', 'nasrullayev'),
('p-8070-243928', 'abdulla abdullayev'),
('p-8070-243928', 'abdullayev'),
('p-8070-295345', 'bekhruz karimov'),
('p-8070-295345', 'karimov'),
('p-8070-295866', 'avazbek ulmasaliev'),
('p-8070-295866', 'ulmasaliev'),
('p-8070-49149', 'dostonbek xamdamov'),
('p-8070-49149', 'xamdamov'),
('p-8070-117321', 'otabek shukurov'),
('p-8070-117321', 'shukurov'),
('p-8070-119221', 'oston urunov'),
('p-8070-119221', 'urunov'),
('p-8070-132176', 'jamshid iskanderov'),
('p-8070-132176', 'iskanderov'),
('p-8070-149716', 'akmal mozgovoy'),
('p-8070-149716', 'mozgovoy'),
('p-8070-214531', 'abbosbek fayzullaev'),
('p-8070-214531', 'fayzullaev'),
('p-8070-232740', 'azizjon ganiev'),
('p-8070-232740', 'ganiev'),
('p-8070-232753', 'odiljon hamrobekov'),
('p-8070-232753', 'hamrobekov'),
('p-8070-262464', 'sherzod esanov'),
('p-8070-262464', 'esanov'),
('p-8070-49307', 'eldor shomurodov'),
('p-8070-49307', 'shomurodov'),
('p-8070-183140', 'igor sergeev'),
('p-8070-183140', 'sergeev'),
('p-8070-212675', 'ruslanbek jiyanov'),
('p-8070-212675', 'jiyanov'),
('p-8070-249659', 'azizbek amonov'),
('p-8070-249659', 'amonov');

